Japanese,,,,,,,,,,,
Name,Date,Year,Grade,Location,Ground,Distance,Distance category,Direction,Ground,Image,Image Link
中京ジュニアステークス,1年目 7月後半,ジュニア,OP,中京,芝,1600,マイル,左,,,https://img.gamewith.jp/article_tools/uma-musume/gacha/i_race1.png
函館ジュニアステークス,1年目 7月後半,ジュニア,G3,函館,芝,1200,短距離,右,,,https://img.gamewith.jp/article_tools/uma-musume/gacha/i_race2.png
コスモス賞,1年目 8月前半,ジュニア,OP,札幌,芝,1800,マイル,右,,,https://img.gamewith.jp/article_tools/uma-musume/gacha/i_race3.png
フェニックス賞,1年目 8月前半,ジュニア,OP,小倉,芝,1200,短距離,右,,,https://img.gamewith.jp/article_tools/uma-musume/gacha/i_race4.png
ダリア賞,1年目 8月前半,ジュニア,OP,新潟,芝,1400,短距離,左,内,,https://img.gamewith.jp/article_tools/uma-musume/gacha/i_race5.png
クローバー賞,1年目 8月後半,ジュニア,OP,札幌,芝,1500,マイル,右,,,https://img.gamewith.jp/article_tools/uma-musume/gacha/i_race6.png
新潟ジュニアステークス,1年目 8月後半,ジュニア,G3,新潟,芝,1600,マイル,左,外,,https://img.gamewith.jp/article_tools/uma-musume/gacha/i_race7.png
野路菊ステークス,1年目 9月前半,ジュニア,OP,阪神,芝,1800,マイル,右,外,,https://img.gamewith.jp/article_tools/uma-musume/gacha/i_race8.png
札幌ジュニアステークス,1年目 9月前半,ジュニア,G3,札幌,芝,1800,マイル,右,,,https://img.gamewith.jp/article_tools/uma-musume/gacha/i_race9.png
小倉ジュニアステークス,1年目 9月前半,ジュニア,G3,小倉,芝,1200,短距離,右,,,https://img.gamewith.jp/article_tools/uma-musume/gacha/i_race10.png
すずらん賞,1年目 9月前半,ジュニア,OP,札幌,芝,1200,短距離,右,,,https://img.gamewith.jp/article_tools/uma-musume/gacha/i_race11.png
アスター賞,1年目 9月前半,ジュニア,Pre-OP,中山,芝,1600,マイル,右,外,,https://img.gamewith.jp/article_tools/uma-musume/gacha/i_race12.png
芙蓉ステークス,1年目 9月後半,ジュニア,OP,中山,芝,2000,中距離,右,内,,https://img.gamewith.jp/article_tools/uma-musume/gacha/i_race13.png
ききょうステークス,1年目 9月後半,ジュニア,OP,阪神,芝,1400,短距離,右,内,,https://img.gamewith.jp/article_tools/uma-musume/gacha/i_race14.png
カンナステークス,1年目 9月後半,ジュニア,OP,中山,芝,1200,短距離,右,外,,https://img.gamewith.jp/article_tools/uma-musume/gacha/i_race15.png
サフラン賞,1年目 9月後半,ジュニア,Pre-OP,中山,芝,1600,マイル,右,外,,https://img.gamewith.jp/article_tools/uma-musume/gacha/i_race16.png
紫菊賞,1年目 10月前半,ジュニア,Pre-OP,京都,芝,2000,中距離,右,内,,https://img.gamewith.jp/article_tools/uma-musume/gacha/i_race17.png
サウジアラビアロイヤルカップ,1年目 10月前半,ジュニア,G3,東京,芝,1600,マイル,左,,,https://img.gamewith.jp/article_tools/uma-musume/gacha/i_race18.png
もみじステークス,1年目 10月前半,ジュニア,OP,京都,芝,1400,短距離,右,外,,https://img.gamewith.jp/article_tools/uma-musume/gacha/i_race19.png
りんどう賞,1年目 10月前半,ジュニア,Pre-OP,京都,芝,1400,短距離,右,外,,https://img.gamewith.jp/article_tools/uma-musume/gacha/i_race20.png
プラタナス賞,1年目 10月前半,ジュニア,Pre-OP,東京,ダート,1600,マイル,左,,,https://img.gamewith.jp/article_tools/uma-musume/gacha/i_race21.png
萩ステークス,1年目 10月後半,ジュニア,OP,京都,芝,1800,マイル,右,外,,https://img.gamewith.jp/article_tools/uma-musume/gacha/i_race22.png
アルテミスステークス,1年目 10月後半,ジュニア,G3,東京,芝,1600,マイル,左,,,https://img.gamewith.jp/article_tools/uma-musume/gacha/i_race23.png
アイビーステークス,1年目 10月後半,ジュニア,OP,東京,芝,1800,マイル,左,,,https://img.gamewith.jp/article_tools/uma-musume/gacha/i_race24.png
なでしこ賞,1年目 10月後半,ジュニア,Pre-OP,京都,ダート,1400,短距離,右,,,https://img.gamewith.jp/article_tools/uma-musume/gacha/i_race25.png
黄菊賞,1年目 11月前半,ジュニア,Pre-OP,京都,芝,2000,中距離,右,内,,https://img.gamewith.jp/article_tools/uma-musume/gacha/i_race26.png
京王杯ジュニアステークス,1年目 11月前半,ジュニア,G2,東京,芝,1400,短距離,左,,,https://img.gamewith.jp/article_tools/uma-musume/gacha/i_race27.png
デイリー杯ジュニアステークス,1年目 11月前半,ジュニア,G2,京都,芝,1600,マイル,右,外,,https://img.gamewith.jp/article_tools/uma-musume/gacha/i_race28.png
ファンタジーステークス,1年目 11月前半,ジュニア,G3,京都,芝,1400,短距離,右,外,,https://img.gamewith.jp/article_tools/uma-musume/gacha/i_race29.png
福島ジュニアステークス,1年目 11月前半,ジュニア,OP,福島,芝,1200,短距離,右,,,https://img.gamewith.jp/article_tools/uma-musume/gacha/i_race30.png
百日草特別,1年目 11月前半,ジュニア,Pre-OP,東京,芝,2000,中距離,左,,,https://img.gamewith.jp/article_tools/uma-musume/gacha/i_race31.png
きんもくせい特別,1年目 11月前半,ジュニア,Pre-OP,福島,芝,1800,マイル,右,,,https://img.gamewith.jp/article_tools/uma-musume/gacha/i_race32.png
オキザリス賞,1年目 11月前半,ジュニア,Pre-OP,東京,ダート,1400,短距離,左,,,https://img.gamewith.jp/article_tools/uma-musume/gacha/i_race33.png
こうやまき賞,1年目 11月後半,ジュニア,Pre-OP,中京,芝,1600,マイル,左,,,https://img.gamewith.jp/article_tools/uma-musume/gacha/i_race34.png
東京スポーツ杯ジュニアステークス,1年目 11月後半,ジュニア,G3,東京,芝,1800,マイル,左,,,https://img.gamewith.jp/article_tools/uma-musume/gacha/i_race35.png
京都ジュニアステークス,1年目 11月後半,ジュニア,G3,京都,芝,2000,中距離,右,内,,https://img.gamewith.jp/article_tools/uma-musume/gacha/i_race36.png
もちの木賞,1年目 11月後半,ジュニア,Pre-OP,京都,ダート,1800,マイル,右,,,https://img.gamewith.jp/article_tools/uma-musume/gacha/i_race37.png
赤松賞,1年目 11月後半,ジュニア,Pre-OP,東京,芝,1600,マイル,左,,,https://img.gamewith.jp/article_tools/uma-musume/gacha/i_race38.png
秋明菊賞,1年目 11月後半,ジュニア,Pre-OP,京都,芝,1400,短距離,右,外,,https://img.gamewith.jp/article_tools/uma-musume/gacha/i_race39.png
カトレア賞,1年目 11月後半,ジュニア,Pre-OP,東京,ダート,1600,マイル,左,,,https://img.gamewith.jp/article_tools/uma-musume/gacha/i_race40.png
ベゴニア賞,1年目 11月後半,ジュニア,Pre-OP,東京,芝,1600,マイル,左,,,https://img.gamewith.jp/article_tools/uma-musume/gacha/i_race41.png
白菊賞,1年目 11月後半,ジュニア,Pre-OP,京都,芝,1600,マイル,右,外,,https://img.gamewith.jp/article_tools/uma-musume/gacha/i_race42.png
葉牡丹賞,1年目 11月後半,ジュニア,Pre-OP,中山,芝,2000,中距離,右,内,,https://img.gamewith.jp/article_tools/uma-musume/gacha/i_race43.png
ひいらぎ賞,1年目 12月前半,ジュニア,Pre-OP,中山,芝,1600,マイル,右,外,,https://img.gamewith.jp/article_tools/uma-musume/gacha/i_race44.png
万両賞,1年目 12月前半,ジュニア,Pre-OP,阪神,芝,1400,短距離,右,内,,https://img.gamewith.jp/article_tools/uma-musume/gacha/i_race45.png
黒松賞,1年目 12月前半,ジュニア,Pre-OP,中山,芝,1200,短距離,右,外,,https://img.gamewith.jp/article_tools/uma-musume/gacha/i_race46.png
エリカ賞,1年目 12月前半,ジュニア,Pre-OP,阪神,芝,2000,中距離,右,内,,https://img.gamewith.jp/article_tools/uma-musume/gacha/i_race47.png
つわぶき賞,1年目 12月前半,ジュニア,Pre-OP,中京,芝,1400,短距離,左,,,https://img.gamewith.jp/article_tools/uma-musume/gacha/i_race48.png
さざんか賞,1年目 12月前半,ジュニア,Pre-OP,阪神,芝,1200,短距離,右,内,,https://img.gamewith.jp/article_tools/uma-musume/gacha/i_race49.png
寒椿賞,1年目 12月前半,ジュニア,Pre-OP,中京,ダート,1400,短距離,左,,,https://img.gamewith.jp/article_tools/uma-musume/gacha/i_race50.png
阪神ジュベナイルフィリーズ,1年目 12月前半,ジュニア,G1,阪神,芝,1600,マイル,右,外,,https://img.gamewith.jp/article_tools/uma-musume/gacha/i_race51.png
朝日杯フューチュリティステークス,1年目 12月前半,ジュニア,G1,阪神,芝,1600,マイル,右,外,,https://img.gamewith.jp/article_tools/uma-musume/gacha/i_race52.png
千両賞,1年目 12月後半,ジュニア,Pre-OP,阪神,芝,1600,マイル,右,外,,https://img.gamewith.jp/article_tools/uma-musume/gacha/i_race53.png
クリスマスローズステークス,1年目 12月後半,ジュニア,OP,中山,芝,1200,短距離,右,外,,https://img.gamewith.jp/article_tools/uma-musume/gacha/i_race54.png
ホープフルステークス,1年目 12月後半,ジュニア,G1,中山,芝,2000,中距離,右,内,,https://img.gamewith.jp/article_tools/uma-musume/gacha/i_race55.png
フェアリーステークス,2年目 1月前半,クラシック,G3,中山,芝,1600,マイル,右,外,,https://img.gamewith.jp/article_tools/uma-musume/gacha/i_race56.png
ジュニアカップ,2年目 1月前半,クラシック,OP,中山,芝,1600,マイル,右,外,,https://img.gamewith.jp/article_tools/uma-musume/gacha/i_race57.png
紅梅ステークス,2年目 1月前半,クラシック,OP,京都,芝,1400,短距離,右,外,,https://img.gamewith.jp/article_tools/uma-musume/gacha/i_race58.png
シンザン記念,2年目 1月前半,クラシック,G3,京都,芝,1600,マイル,右,外,,https://img.gamewith.jp/article_tools/uma-musume/gacha/i_race59.png
京成杯,2年目 1月前半,クラシック,G3,中山,芝,2000,中距離,右,内,,https://img.gamewith.jp/article_tools/uma-musume/gacha/i_race60.png
若駒ステークス,2年目 1月後半,クラシック,OP,京都,芝,2000,中距離,右,内,,https://img.gamewith.jp/article_tools/uma-musume/gacha/i_race61.png
クロッカスステークス,2年目 1月後半,クラシック,OP,東京,芝,1400,短距離,左,,,https://img.gamewith.jp/article_tools/uma-musume/gacha/i_race62.png
クイーンカップ,2年目 2月前半,クラシック,G3,東京,芝,1600,マイル,左,,,https://img.gamewith.jp/article_tools/uma-musume/gacha/i_race63.png
エルフィンステークス,2年目 2月前半,クラシック,OP,京都,芝,1600,マイル,右,外,,https://img.gamewith.jp/article_tools/uma-musume/gacha/i_race64.png
きさらぎ賞,2年目 2月前半,クラシック,G3,京都,芝,1800,マイル,右,外,,https://img.gamewith.jp/article_tools/uma-musume/gacha/i_race65.png
共同通信杯,2年目 2月前半,クラシック,G3,東京,芝,1800,マイル,左,,,https://img.gamewith.jp/article_tools/uma-musume/gacha/i_race66.png
ヒヤシンスステークス,2年目 2月後半,クラシック,OP,東京,ダート,1600,マイル,左,,,https://img.gamewith.jp/article_tools/uma-musume/gacha/i_race67.png
すみれステークス,2年目 2月後半,クラシック,OP,阪神,芝,2200,中距離,右,内,,https://img.gamewith.jp/article_tools/uma-musume/gacha/i_race68.png
マーガレットステークス,2年目 2月後半,クラシック,OP,阪神,芝,1200,短距離,右,内,,https://img.gamewith.jp/article_tools/uma-musume/gacha/i_race69.png
アネモネステークス,2年目 3月前半,クラシック,OP,中山,芝,1600,マイル,右,外,,https://img.gamewith.jp/article_tools/uma-musume/gacha/i_race70.png
昇竜ステークス,2年目 3月前半,クラシック,OP,中京,ダート,1400,短距離,左,,,https://img.gamewith.jp/article_tools/uma-musume/gacha/i_race71.png
弥生賞,2年目 3月前半,クラシック,G2,中山,芝,2000,中距離,右,内,,https://img.gamewith.jp/article_tools/uma-musume/gacha/i_race72.png
フィリーズレビュー,2年目 3月前半,クラシック,G2,阪神,芝,1400,短距離,右,内,,https://img.gamewith.jp/article_tools/uma-musume/gacha/i_race73.png
チューリップ賞,2年目 3月前半,クラシック,G2,阪神,芝,1600,マイル,右,外,,https://img.gamewith.jp/article_tools/uma-musume/gacha/i_race74.png
フラワーカップ,2年目 3月後半,クラシック,G3,中山,芝,1800,マイル,右,内,,https://img.gamewith.jp/article_tools/uma-musume/gacha/i_race75.png
若葉ステークス,2年目 3月後半,クラシック,OP,阪神,芝,2000,中距離,右,内,,https://img.gamewith.jp/article_tools/uma-musume/gacha/i_race76.png
スプリングステークス,2年目 3月後半,クラシック,G2,中山,芝,1800,マイル,右,内,,https://img.gamewith.jp/article_tools/uma-musume/gacha/i_race77.png
ファルコンステークス,2年目 3月後半,クラシック,G3,中京,芝,1400,短距離,左,,,https://img.gamewith.jp/article_tools/uma-musume/gacha/i_race78.png
毎日杯,2年目 3月後半,クラシック,G3,阪神,芝,1800,マイル,右,外,,https://img.gamewith.jp/article_tools/uma-musume/gacha/i_race79.png
伏竜ステークス,2年目 4月前半,クラシック,OP,中山,ダート,1800,マイル,右,,,https://img.gamewith.jp/article_tools/uma-musume/gacha/i_race80.png
忘れな草賞,2年目 4月前半,クラシック,OP,阪神,芝,2000,中距離,右,内,,https://img.gamewith.jp/article_tools/uma-musume/gacha/i_race81.png
桜花賞,2年目 4月前半,クラシック,G1,阪神,芝,1600,マイル,右,外,,https://img.gamewith.jp/article_tools/uma-musume/gacha/i_race82.png
皐月賞,2年目 4月前半,クラシック,G1,中山,芝,2000,中距離,右,内,,https://img.gamewith.jp/article_tools/uma-musume/gacha/i_race83.png
ニュージーランドトロフィー,2年目 4月前半,クラシック,G2,中山,芝,1600,マイル,右,外,,https://img.gamewith.jp/article_tools/uma-musume/gacha/i_race84.png
アーリントンカップ,2年目 4月前半,クラシック,G3,阪神,芝,1600,マイル,右,外,,https://img.gamewith.jp/article_tools/uma-musume/gacha/i_race85.png
橘ステークス,2年目 4月後半,クラシック,OP,京都,芝,1400,短距離,右,外,,https://img.gamewith.jp/article_tools/uma-musume/gacha/i_race86.png
端午ステークス,2年目 4月後半,クラシック,OP,京都,ダート,1400,短距離,右,,,https://img.gamewith.jp/article_tools/uma-musume/gacha/i_race87.png
スイートピーステークス,2年目 4月後半,クラシック,OP,東京,芝,1800,マイル,左,,,https://img.gamewith.jp/article_tools/uma-musume/gacha/i_race88.png
フローラステークス,2年目 4月後半,クラシック,G2,東京,芝,2000,中距離,左,,,https://img.gamewith.jp/article_tools/uma-musume/gacha/i_race89.png
青葉賞,2年目 4月後半,クラシック,G2,東京,芝,2400,中距離,左,,,https://img.gamewith.jp/article_tools/uma-musume/gacha/i_race90.png
プリンシパルステークス,2年目 5月前半,クラシック,OP,東京,芝,2000,中距離,左,,,https://img.gamewith.jp/article_tools/uma-musume/gacha/i_race91.png
青竜ステークス,2年目 5月前半,クラシック,OP,東京,ダート,1600,マイル,左,,,https://img.gamewith.jp/article_tools/uma-musume/gacha/i_race92.png
NHKマイルカップ,2年目 5月前半,クラシック,G1,東京,芝,1600,マイル,左,,,https://img.gamewith.jp/article_tools/uma-musume/gacha/i_race93.png
京都新聞杯,2年目 5月前半,クラシック,G2,京都,芝,2200,中距離,右,外,,https://img.gamewith.jp/article_tools/uma-musume/gacha/i_race94.png
鳳雛ステークス,2年目 5月後半,クラシック,OP,京都,ダート,1800,マイル,右,,,https://img.gamewith.jp/article_tools/uma-musume/gacha/i_race95.png
白百合ステークス,2年目 5月後半,クラシック,OP,京都,芝,1800,マイル,右,外,,https://img.gamewith.jp/article_tools/uma-musume/gacha/i_race96.png
オークス,2年目 5月後半,クラシック,G1,東京,芝,2400,中距離,左,,,https://img.gamewith.jp/article_tools/uma-musume/gacha/i_race97.png
日本ダービー,2年目 5月後半,クラシック,G1,東京,芝,2400,中距離,左,,,https://img.gamewith.jp/article_tools/uma-musume/gacha/i_race98.png
葵ステークス,2年目 5月後半,クラシック,G3,京都,芝,1200,短距離,右,内,,https://img.gamewith.jp/article_tools/uma-musume/gacha/i_race99.png
天保山ステークス,2年目 6月前半,クラシック,OP,阪神,ダート,1400,短距離,右,,,https://img.gamewith.jp/article_tools/uma-musume/gacha/i_race100.png
スレイプニルステークス,2年目 6月前半,クラシック,OP,東京,ダート,2100,中距離,左,,,https://img.gamewith.jp/article_tools/uma-musume/gacha/i_race101.png
安田記念,2年目 6月前半,クラシック,G1,東京,芝,1600,マイル,左,,,https://img.gamewith.jp/article_tools/uma-musume/gacha/i_race102.png
鳴尾記念,2年目 6月前半,クラシック,G3,阪神,芝,2000,中距離,右,内,,https://img.gamewith.jp/article_tools/uma-musume/gacha/i_race103.png
マーメイドステークス,2年目 6月前半,クラシック,G3,阪神,芝,2000,中距離,右,内,,https://img.gamewith.jp/article_tools/uma-musume/gacha/i_race104.png
エプソムカップ,2年目 6月前半,クラシック,G3,東京,芝,1800,マイル,左,,,https://img.gamewith.jp/article_tools/uma-musume/gacha/i_race105.png
ユニコーンステークス,2年目 6月後半,クラシック,G3,東京,ダート,1600,マイル,左,,,https://img.gamewith.jp/article_tools/uma-musume/gacha/i_race106.png
アハルテケステークス,2年目 6月後半,クラシック,OP,東京,ダート,1600,マイル,左,,,https://img.gamewith.jp/article_tools/uma-musume/gacha/i_race107.png
米子ステークス,2年目 6月後半,クラシック,OP,阪神,芝,1600,マイル,右,外,,https://img.gamewith.jp/article_tools/uma-musume/gacha/i_race108.png
大沼ステークス,2年目 6月後半,クラシック,OP,函館,ダート,1700,マイル,右,,,https://img.gamewith.jp/article_tools/uma-musume/gacha/i_race109.png
パラダイスステークス,2年目 6月後半,クラシック,OP,東京,芝,1400,短距離,左,,,https://img.gamewith.jp/article_tools/uma-musume/gacha/i_race110.png
三宮ステークス,2年目 6月後半,クラシック,OP,阪神,ダート,1800,マイル,右,,,https://img.gamewith.jp/article_tools/uma-musume/gacha/i_race111.png
宝塚記念,2年目 6月後半,クラシック,G1,阪神,芝,2200,中距離,右,内,,https://img.gamewith.jp/article_tools/uma-musume/gacha/i_race112.png
函館スプリントステークス,2年目 6月後半,クラシック,G3,函館,芝,1200,短距離,右,,,https://img.gamewith.jp/article_tools/uma-musume/gacha/i_race113.png
CBC賞,2年目 7月前半,クラシック,G3,中京,芝,1200,短距離,左,,,https://img.gamewith.jp/article_tools/uma-musume/gacha/i_race114.png
プロキオンステークス,2年目 7月前半,クラシック,G3,中京,ダート,1400,短距離,左,,,https://img.gamewith.jp/article_tools/uma-musume/gacha/i_race115.png
七夕賞,2年目 7月前半,クラシック,G3,福島,芝,2000,中距離,右,,,https://img.gamewith.jp/article_tools/uma-musume/gacha/i_race116.png
函館記念,2年目 7月前半,クラシック,G3,函館,芝,2000,中距離,右,,,https://img.gamewith.jp/article_tools/uma-musume/gacha/i_race117.png
ラジオNIKKEI賞,2年目 7月前半,クラシック,G3,福島,芝,1800,マイル,右,,,https://img.gamewith.jp/article_tools/uma-musume/gacha/i_race118.png
巴賞,2年目 7月前半,クラシック,OP,函館,芝,1800,マイル,右,,,https://img.gamewith.jp/article_tools/uma-musume/gacha/i_race119.png
マリーンステークス,2年目 7月前半,クラシック,OP,函館,ダート,1700,マイル,右,,,https://img.gamewith.jp/article_tools/uma-musume/gacha/i_race120.png
名鉄杯,2年目 7月前半,クラシック,OP,中京,ダート,1800,マイル,左,,,https://img.gamewith.jp/article_tools/uma-musume/gacha/i_race121.png
ジャパンダートダービー,2年目 7月前半,クラシック,G1,大井,ダート,2000,中距離,右,,,https://img.gamewith.jp/article_tools/uma-musume/gacha/i_race122.png
中京記念,2年目 7月後半,クラシック,G3,中京,芝,1600,マイル,左,,,https://img.gamewith.jp/article_tools/uma-musume/gacha/i_race123.png
アイビスサマーダッシュ,2年目 7月後半,クラシック,G3,新潟,芝,1000,短距離,直,線,,https://img.gamewith.jp/article_tools/uma-musume/gacha/i_race124.png
クイーンステークス,2年目 7月後半,クラシック,G3,札幌,芝,1800,マイル,右,,,https://img.gamewith.jp/article_tools/uma-musume/gacha/i_race125.png
福島テレビオープン,2年目 7月後半,クラシック,OP,福島,芝,1200,短距離,右,,,https://img.gamewith.jp/article_tools/uma-musume/gacha/i_race126.png
小倉記念,2年目 8月前半,クラシック,G3,小倉,芝,2000,中距離,右,,,https://img.gamewith.jp/article_tools/uma-musume/gacha/i_race127.png
関屋記念,2年目 8月前半,クラシック,G3,新潟,芝,1600,マイル,左,外,,https://img.gamewith.jp/article_tools/uma-musume/gacha/i_race128.png
エルムステークス,2年目 8月前半,クラシック,G3,札幌,ダート,1700,マイル,右,,,https://img.gamewith.jp/article_tools/uma-musume/gacha/i_race129.png
レパードステークス,2年目 8月前半,クラシック,G3,新潟,ダート,1800,マイル,左,,,https://img.gamewith.jp/article_tools/uma-musume/gacha/i_race130.png
札幌日経オープン,2年目 8月前半,クラシック,OP,札幌,芝,2600,長距離,右,,,https://img.gamewith.jp/article_tools/uma-musume/gacha/i_race131.png
UHB賞,2年目 8月前半,クラシック,OP,札幌,芝,1200,短距離,右,,,https://img.gamewith.jp/article_tools/uma-musume/gacha/i_race132.png
阿蘇ステークス,2年目 8月前半,クラシック,OP,小倉,ダート,1700,マイル,右,,,https://img.gamewith.jp/article_tools/uma-musume/gacha/i_race133.png
関越ステークス,2年目 8月前半,クラシック,OP,新潟,芝,1800,マイル,左,外,,https://img.gamewith.jp/article_tools/uma-musume/gacha/i_race134.png
札幌記念,2年目 8月後半,クラシック,G2,札幌,芝,2000,中距離,右,,,https://img.gamewith.jp/article_tools/uma-musume/gacha/i_race135.png
北九州記念,2年目 8月後半,クラシック,G3,小倉,芝,1200,短距離,右,,,https://img.gamewith.jp/article_tools/uma-musume/gacha/i_race136.png
キーンランドカップ,2年目 8月後半,クラシック,G3,札幌,芝,1200,短距離,右,,,https://img.gamewith.jp/article_tools/uma-musume/gacha/i_race137.png
NST賞,2年目 8月後半,クラシック,OP,新潟,ダート,1200,短距離,左,,,https://img.gamewith.jp/article_tools/uma-musume/gacha/i_race138.png
BSN賞,2年目 8月後半,クラシック,OP,新潟,ダート,1800,マイル,左,,,https://img.gamewith.jp/article_tools/uma-musume/gacha/i_race139.png
小倉日経オープン,2年目 8月後半,クラシック,OP,小倉,芝,1800,マイル,右,,,https://img.gamewith.jp/article_tools/uma-musume/gacha/i_race140.png
朱鷺ステークス,2年目 8月後半,クラシック,OP,新潟,芝,1400,短距離,左,内,,https://img.gamewith.jp/article_tools/uma-musume/gacha/i_race141.png
セントウルステークス,2年目 9月前半,クラシック,G2,阪神,芝,1200,短距離,右,内,,https://img.gamewith.jp/article_tools/uma-musume/gacha/i_race142.png
ローズステークス,2年目 9月前半,クラシック,G2,阪神,芝,1800,マイル,右,外,,https://img.gamewith.jp/article_tools/uma-musume/gacha/i_race143.png
新潟記念,2年目 9月前半,クラシック,G3,新潟,芝,2000,中距離,左,外,,https://img.gamewith.jp/article_tools/uma-musume/gacha/i_race144.png
京成杯オータムハンデキャップ,2年目 9月前半,クラシック,G3,中山,芝,1600,マイル,右,外,,https://img.gamewith.jp/article_tools/uma-musume/gacha/i_race145.png
紫苑ステークス,2年目 9月前半,クラシック,G3,中山,芝,2000,中距離,右,内,,https://img.gamewith.jp/article_tools/uma-musume/gacha/i_race146.png
丹頂ステークス,2年目 9月前半,クラシック,OP,札幌,芝,2600,長距離,右,,,https://img.gamewith.jp/article_tools/uma-musume/gacha/i_race147.png
エニフステークス,2年目 9月前半,クラシック,OP,阪神,ダート,1400,短距離,右,,,https://img.gamewith.jp/article_tools/uma-musume/gacha/i_race148.png
ラジオ日本賞,2年目 9月前半,クラシック,OP,中山,ダート,1800,マイル,右,,,https://img.gamewith.jp/article_tools/uma-musume/gacha/i_race149.png
神戸新聞杯,2年目 9月後半,クラシック,G2,阪神,芝,2400,中距離,右,外,,https://img.gamewith.jp/article_tools/uma-musume/gacha/i_race150.png
オールカマー,2年目 9月後半,クラシック,G2,中山,芝,2200,中距離,右,外,,https://img.gamewith.jp/article_tools/uma-musume/gacha/i_race151.png
セントライト記念,2年目 9月後半,クラシック,G2,中山,芝,2200,中距離,右,外,,https://img.gamewith.jp/article_tools/uma-musume/gacha/i_race152.png
シリウスステークス,2年目 9月後半,クラシック,G3,阪神,ダート,2000,中距離,右,,,https://img.gamewith.jp/article_tools/uma-musume/gacha/i_race153.png
ポートアイランドステークス,2年目 9月後半,クラシック,OP,阪神,芝,1600,マイル,右,外,,https://img.gamewith.jp/article_tools/uma-musume/gacha/i_race154.png
ながつきステークス,2年目 9月後半,クラシック,OP,中山,ダート,1200,短距離,右,,,https://img.gamewith.jp/article_tools/uma-musume/gacha/i_race155.png
スプリンターズステークス,2年目 9月後半,クラシック,G1,中山,芝,1200,短距離,右,外,,https://img.gamewith.jp/article_tools/uma-musume/gacha/i_race156.png
毎日王冠,2年目 10月前半,クラシック,G2,東京,芝,1800,マイル,左,,,https://img.gamewith.jp/article_tools/uma-musume/gacha/i_race157.png
京都大賞典,2年目 10月前半,クラシック,G2,京都,芝,2400,中距離,右,外,,https://img.gamewith.jp/article_tools/uma-musume/gacha/i_race158.png
府中ウマ娘ステークス,2年目 10月前半,クラシック,G2,東京,芝,1800,マイル,左,,,https://img.gamewith.jp/article_tools/uma-musume/gacha/i_race159.png
オパールステークス,2年目 10月前半,クラシック,OP,京都,芝,1200,短距離,右,内,,https://img.gamewith.jp/article_tools/uma-musume/gacha/i_race160.png
グリーンチャンネルカップ,2年目 10月前半,クラシック,OP,東京,ダート,1400,短距離,左,,,https://img.gamewith.jp/article_tools/uma-musume/gacha/i_race161.png
オクトーバーステークス,2年目 10月前半,クラシック,OP,東京,芝,2000,中距離,左,,,https://img.gamewith.jp/article_tools/uma-musume/gacha/i_race162.png
信越ステークス,2年目 10月前半,クラシック,OP,新潟,芝,1400,短距離,左,内,,https://img.gamewith.jp/article_tools/uma-musume/gacha/i_race163.png
太秦ステークス,2年目 10月前半,クラシック,OP,京都,ダート,1800,マイル,右,,,https://img.gamewith.jp/article_tools/uma-musume/gacha/i_race164.png
スワンステークス,2年目 10月後半,クラシック,G2,京都,芝,1400,短距離,右,外,,https://img.gamewith.jp/article_tools/uma-musume/gacha/i_race165.png
富士ステークス,2年目 10月後半,クラシック,G2,東京,芝,1600,マイル,左,,,https://img.gamewith.jp/article_tools/uma-musume/gacha/i_race166.png
室町ステークス,2年目 10月後半,クラシック,OP,京都,ダート,1200,短距離,右,,,https://img.gamewith.jp/article_tools/uma-musume/gacha/i_race167.png
ブラジルカップ,2年目 10月後半,クラシック,OP,東京,ダート,2100,中距離,左,,,https://img.gamewith.jp/article_tools/uma-musume/gacha/i_race168.png
カシオペアステークス,2年目 10月後半,クラシック,OP,京都,芝,1800,マイル,右,外,,https://img.gamewith.jp/article_tools/uma-musume/gacha/i_race169.png
ルミエールオータムダッシュ,2年目 10月後半,クラシック,OP,新潟,芝,1000,短距離,直,線,,https://img.gamewith.jp/article_tools/uma-musume/gacha/i_race170.png
天皇賞（秋）,2年目 10月後半,クラシック,G1,東京,芝,2000,中距離,左,,,https://img.gamewith.jp/article_tools/uma-musume/gacha/i_race171.png
秋華賞,2年目 10月後半,クラシック,G1,京都,芝,2000,中距離,右,内,,https://img.gamewith.jp/article_tools/uma-musume/gacha/i_race172.png
菊花賞,2年目 10月後半,クラシック,G1,京都,芝,3000,長距離,右,外,,https://img.gamewith.jp/article_tools/uma-musume/gacha/i_race173.png
アルゼンチン共和国杯,2年目 11月前半,クラシック,G2,東京,芝,2500,長距離,左,,,https://img.gamewith.jp/article_tools/uma-musume/gacha/i_race174.png
みやこステークス,2年目 11月前半,クラシック,G3,京都,ダート,1800,マイル,右,,,https://img.gamewith.jp/article_tools/uma-musume/gacha/i_race175.png
武蔵野ステークス,2年目 11月前半,クラシック,G3,東京,ダート,1600,マイル,左,,,https://img.gamewith.jp/article_tools/uma-musume/gacha/i_race176.png
福島記念,2年目 11月前半,クラシック,G3,福島,芝,2000,中距離,右,,,https://img.gamewith.jp/article_tools/uma-musume/gacha/i_race177.png
オーロカップ,2年目 11月前半,クラシック,OP,東京,芝,1400,短距離,左,,,https://img.gamewith.jp/article_tools/uma-musume/gacha/i_race178.png
エリザベス女王杯,2年目 11月前半,クラシック,G1,京都,芝,2200,中距離,右,外,,https://img.gamewith.jp/article_tools/uma-musume/gacha/i_race179.png
JBCレディスクラシック,2年目 11月前半,クラシック,G1,大井,ダート,1800,マイル,右,,,https://img.gamewith.jp/article_tools/uma-musume/gacha/i_race180.png
JBCスプリント,2年目 11月前半,クラシック,G1,大井,ダート,1200,短距離,右,,,https://img.gamewith.jp/article_tools/uma-musume/gacha/i_race181.png
JBCクラシック,2年目 11月前半,クラシック,G1,大井,ダート,2000,中距離,右,,,https://img.gamewith.jp/article_tools/uma-musume/gacha/i_race182.png
京阪杯,2年目 11月後半,クラシック,G3,京都,芝,1200,短距離,右,内,,https://img.gamewith.jp/article_tools/uma-musume/gacha/i_race183.png
アンドロメダステークス,2年目 11月後半,クラシック,OP,京都,芝,2000,中距離,右,内,,https://img.gamewith.jp/article_tools/uma-musume/gacha/i_race184.png
霜月ステークス,2年目 11月後半,クラシック,OP,東京,ダート,1400,短距離,左,,,https://img.gamewith.jp/article_tools/uma-musume/gacha/i_race185.png
福島民友カップ,2年目 11月後半,クラシック,OP,福島,ダート,1700,マイル,右,,,https://img.gamewith.jp/article_tools/uma-musume/gacha/i_race186.png
キャピタルステークス,2年目 11月後半,クラシック,OP,東京,芝,1600,マイル,左,,,https://img.gamewith.jp/article_tools/uma-musume/gacha/i_race187.png
オータムリーフステークス,2年目 11月後半,クラシック,OP,京都,ダート,1200,短距離,右,,,https://img.gamewith.jp/article_tools/uma-musume/gacha/i_race188.png
マイルチャンピオンシップ,2年目 11月後半,クラシック,G1,京都,芝,1600,マイル,右,外,,https://img.gamewith.jp/article_tools/uma-musume/gacha/i_race189.png
ジャパンカップ,2年目 11月後半,クラシック,G1,東京,芝,2400,中距離,左,,,https://img.gamewith.jp/article_tools/uma-musume/gacha/i_race190.png
ステイヤーズステークス,2年目 12月前半,クラシック,G2,中山,芝,3600,長距離,右,内,,https://img.gamewith.jp/article_tools/uma-musume/gacha/i_race191.png
チャレンジカップ,2年目 12月前半,クラシック,G3,阪神,芝,2000,中距離,右,内,,https://img.gamewith.jp/article_tools/uma-musume/gacha/i_race192.png
中日新聞杯,2年目 12月前半,クラシック,G3,中京,芝,2000,中距離,左,,,https://img.gamewith.jp/article_tools/uma-musume/gacha/i_race193.png
カペラステークス,2年目 12月前半,クラシック,G3,中山,ダート,1200,短距離,右,,,https://img.gamewith.jp/article_tools/uma-musume/gacha/i_race194.png
ターコイズステークス,2年目 12月前半,クラシック,G3,中山,芝,1600,マイル,右,外,,https://img.gamewith.jp/article_tools/uma-musume/gacha/i_race195.png
ラピスラズリステークス,2年目 12月前半,クラシック,OP,中山,芝,1200,短距離,右,外,,https://img.gamewith.jp/article_tools/uma-musume/gacha/i_race196.png
師走ステークス,2年目 12月前半,クラシック,OP,中山,ダート,1800,マイル,右,,,https://img.gamewith.jp/article_tools/uma-musume/gacha/i_race197.png
リゲルステークス,2年目 12月前半,クラシック,OP,阪神,芝,1600,マイル,右,外,,https://img.gamewith.jp/article_tools/uma-musume/gacha/i_race198.png
タンザナイトステークス,2年目 12月前半,クラシック,OP,阪神,芝,1200,短距離,右,内,,https://img.gamewith.jp/article_tools/uma-musume/gacha/i_race199.png
ディセンバーステークス,2年目 12月前半,クラシック,OP,中山,芝,1800,マイル,右,内,,https://img.gamewith.jp/article_tools/uma-musume/gacha/i_race200.png
チャンピオンズカップ,2年目 12月前半,クラシック,G1,中京,ダート,1800,マイル,左,,,https://img.gamewith.jp/article_tools/uma-musume/gacha/i_race201.png
阪神カップ,2年目 12月後半,クラシック,G2,阪神,芝,1400,短距離,右,内,,https://img.gamewith.jp/article_tools/uma-musume/gacha/i_race202.png
ギャラクシーステークス,2年目 12月後半,クラシック,OP,阪神,ダート,1400,短距離,右,,,https://img.gamewith.jp/article_tools/uma-musume/gacha/i_race203.png
ベテルギウスステークス,2年目 12月後半,クラシック,OP,阪神,ダート,1800,マイル,右,,,https://img.gamewith.jp/article_tools/uma-musume/gacha/i_race204.png
有馬記念,2年目 12月後半,クラシック,G1,中山,芝,2500,長距離,右,内,,https://img.gamewith.jp/article_tools/uma-musume/gacha/i_race205.png
東京大賞典,2年目 12月後半,クラシック,G1,大井,ダート,2000,中距離,右,,,https://img.gamewith.jp/article_tools/uma-musume/gacha/i_race206.png
日経新春杯,3年目 1月前半,シニア,G2,京都,芝,2400,中距離,右,外,,https://img.gamewith.jp/article_tools/uma-musume/gacha/i_race207.png
京都金杯,3年目 1月前半,シニア,G3,京都,芝,1600,マイル,右,外,,https://img.gamewith.jp/article_tools/uma-musume/gacha/i_race208.png
中山金杯,3年目 1月前半,シニア,G3,中山,芝,2000,中距離,右,内,,https://img.gamewith.jp/article_tools/uma-musume/gacha/i_race209.png
愛知杯,3年目 1月前半,シニア,G3,中京,芝,2000,中距離,左,,,https://img.gamewith.jp/article_tools/uma-musume/gacha/i_race210.png
万葉ステークス,3年目 1月前半,シニア,OP,京都,芝,3000,長距離,右,外,,https://img.gamewith.jp/article_tools/uma-musume/gacha/i_race211.png
淀短距離ステークス,3年目 1月前半,シニア,OP,京都,芝,1200,短距離,右,内,,https://img.gamewith.jp/article_tools/uma-musume/gacha/i_race212.png
ポルックスステークス,3年目 1月前半,シニア,OP,中山,ダート,1800,マイル,右,,,https://img.gamewith.jp/article_tools/uma-musume/gacha/i_race213.png
ジャニュアリーステークス,3年目 1月前半,シニア,OP,中山,ダート,1200,短距離,右,,,https://img.gamewith.jp/article_tools/uma-musume/gacha/i_race214.png
ニューイヤーステークス,3年目 1月前半,シニア,OP,中山,芝,1600,マイル,右,外,,https://img.gamewith.jp/article_tools/uma-musume/gacha/i_race215.png
カーバンクルステークス,3年目 1月前半,シニア,OP,中山,芝,1200,短距離,右,外,,https://img.gamewith.jp/article_tools/uma-musume/gacha/i_race216.png
東海ステークス,3年目 1月後半,シニア,G2,中京,ダート,1800,マイル,左,,,https://img.gamewith.jp/article_tools/uma-musume/gacha/i_race217.png
アメリカJCC,3年目 1月後半,シニア,G2,中山,芝,2200,中距離,右,外,,https://img.gamewith.jp/article_tools/uma-musume/gacha/i_race218.png
シルクロードステークス,3年目 1月後半,シニア,G3,京都,芝,1200,短距離,右,内,,https://img.gamewith.jp/article_tools/uma-musume/gacha/i_race219.png
根岸ステークス,3年目 1月後半,シニア,G3,東京,ダート,1400,短距離,左,,,https://img.gamewith.jp/article_tools/uma-musume/gacha/i_race220.png
すばるステークス,3年目 1月後半,シニア,OP,京都,ダート,1400,短距離,右,,,https://img.gamewith.jp/article_tools/uma-musume/gacha/i_race221.png
白富士ステークス,3年目 1月後半,シニア,OP,東京,芝,2000,中距離,左,,,https://img.gamewith.jp/article_tools/uma-musume/gacha/i_race222.png
京都記念,3年目 2月前半,シニア,G2,京都,芝,2200,中距離,右,外,,https://img.gamewith.jp/article_tools/uma-musume/gacha/i_race223.png
東京新聞杯,3年目 2月前半,シニア,G3,東京,芝,1600,マイル,左,,,https://img.gamewith.jp/article_tools/uma-musume/gacha/i_race224.png
大和ステークス,3年目 2月前半,シニア,OP,京都,ダート,1200,短距離,右,,,https://img.gamewith.jp/article_tools/uma-musume/gacha/i_race225.png
洛陽ステークス,3年目 2月前半,シニア,OP,京都,芝,1600,マイル,右,外,,https://img.gamewith.jp/article_tools/uma-musume/gacha/i_race226.png
アルデバランステークス,3年目 2月前半,シニア,OP,京都,ダート,1900,中距離,右,,,https://img.gamewith.jp/article_tools/uma-musume/gacha/i_race227.png
バレンタインステークス,3年目 2月前半,シニア,OP,東京,ダート,1400,短距離,左,,,https://img.gamewith.jp/article_tools/uma-musume/gacha/i_race228.png
中山記念,3年目 2月後半,シニア,G2,中山,芝,1800,マイル,右,内,,https://img.gamewith.jp/article_tools/uma-musume/gacha/i_race229.png
京都ウマ娘ステークス,3年目 2月後半,シニア,G3,京都,芝,1400,短距離,右,外,,https://img.gamewith.jp/article_tools/uma-musume/gacha/i_race230.png
ダイヤモンドステークス,3年目 2月後半,シニア,G3,東京,芝,3400,長距離,左,,,https://img.gamewith.jp/article_tools/uma-musume/gacha/i_race231.png
小倉大賞典,3年目 2月後半,シニア,G3,小倉,芝,1800,マイル,右,,,https://img.gamewith.jp/article_tools/uma-musume/gacha/i_race232.png
阪急杯,3年目 2月後半,シニア,G3,阪神,芝,1400,短距離,右,内,,https://img.gamewith.jp/article_tools/uma-musume/gacha/i_race233.png
総武ステークス,3年目 2月後半,シニア,OP,中山,ダート,1800,マイル,右,,,https://img.gamewith.jp/article_tools/uma-musume/gacha/i_race234.png
北九州短距離ステークス,3年目 2月後半,シニア,OP,小倉,芝,1200,短距離,右,,,https://img.gamewith.jp/article_tools/uma-musume/gacha/i_race235.png
フェブラリーステークス,3年目 2月後半,シニア,G1,東京,ダート,1600,マイル,左,,,https://img.gamewith.jp/article_tools/uma-musume/gacha/i_race236.png
金鯱賞,3年目 3月前半,シニア,G2,中京,芝,2000,中距離,左,,,https://img.gamewith.jp/article_tools/uma-musume/gacha/i_race237.png
オーシャンステークス,3年目 3月前半,シニア,G3,中山,芝,1200,短距離,右,外,,https://img.gamewith.jp/article_tools/uma-musume/gacha/i_race238.png
中山ウマ娘ステークス,3年目 3月前半,シニア,G3,中山,芝,1800,マイル,右,内,,https://img.gamewith.jp/article_tools/uma-musume/gacha/i_race239.png
大阪城ステークス,3年目 3月前半,シニア,OP,阪神,芝,1800,マイル,右,外,,https://img.gamewith.jp/article_tools/uma-musume/gacha/i_race240.png
ポラリスステークス,3年目 3月前半,シニア,OP,阪神,ダート,1400,短距離,右,,,https://img.gamewith.jp/article_tools/uma-musume/gacha/i_race241.png
仁川ステークス,3年目 3月前半,シニア,OP,阪神,ダート,2000,中距離,右,,,https://img.gamewith.jp/article_tools/uma-musume/gacha/i_race242.png
東風ステークス,3年目 3月前半,シニア,OP,中山,芝,1600,マイル,右,外,,https://img.gamewith.jp/article_tools/uma-musume/gacha/i_race243.png
阪神大賞典,3年目 3月後半,シニア,G2,阪神,芝,3000,長距離,右,内,,https://img.gamewith.jp/article_tools/uma-musume/gacha/i_race244.png
日経賞,3年目 3月後半,シニア,G2,中山,芝,2500,長距離,右,内,,https://img.gamewith.jp/article_tools/uma-musume/gacha/i_race245.png
マーチステークス,3年目 3月後半,シニア,G3,中山,ダート,1800,マイル,右,,,https://img.gamewith.jp/article_tools/uma-musume/gacha/i_race246.png
千葉ステークス,3年目 3月後半,シニア,OP,中山,ダート,1200,短距離,右,,,https://img.gamewith.jp/article_tools/uma-musume/gacha/i_race247.png
六甲ステークス,3年目 3月後半,シニア,OP,阪神,芝,1600,マイル,右,外,,https://img.gamewith.jp/article_tools/uma-musume/gacha/i_race248.png
高松宮記念,3年目 3月後半,シニア,G1,中京,芝,1200,短距離,左,,,https://img.gamewith.jp/article_tools/uma-musume/gacha/i_race249.png
大阪杯,3年目 3月後半,シニア,G1,阪神,芝,2000,中距離,右,内,,https://img.gamewith.jp/article_tools/uma-musume/gacha/i_race250.png
阪神ウマ娘ステークス,3年目 4月前半,シニア,G2,阪神,芝,1600,マイル,右,外,,https://img.gamewith.jp/article_tools/uma-musume/gacha/i_race251.png
ダービー卿チャレンジトロフィー,3年目 4月前半,シニア,G3,中山,芝,1600,マイル,右,外,,https://img.gamewith.jp/article_tools/uma-musume/gacha/i_race252.png
アンタレスステークス,3年目 4月前半,シニア,G3,阪神,ダート,1800,マイル,右,,,https://img.gamewith.jp/article_tools/uma-musume/gacha/i_race253.png
コーラルステークス,3年目 4月前半,シニア,OP,阪神,ダート,1400,短距離,右,,,https://img.gamewith.jp/article_tools/uma-musume/gacha/i_race254.png
京葉ステークス,3年目 4月前半,シニア,OP,中山,ダート,1200,短距離,右,,,https://img.gamewith.jp/article_tools/uma-musume/gacha/i_race255.png
春雷ステークス,3年目 4月前半,シニア,OP,中山,芝,1200,短距離,右,外,,https://img.gamewith.jp/article_tools/uma-musume/gacha/i_race256.png
福島民報杯,3年目 4月前半,シニア,OP,福島,芝,2000,中距離,右,,,https://img.gamewith.jp/article_tools/uma-musume/gacha/i_race257.png
吾妻小富士ステークス,3年目 4月前半,シニア,OP,福島,ダート,1700,マイル,右,,,https://img.gamewith.jp/article_tools/uma-musume/gacha/i_race258.png
マイラーズカップ,3年目 4月後半,シニア,G2,京都,芝,1600,マイル,右,外,,https://img.gamewith.jp/article_tools/uma-musume/gacha/i_race259.png
福島ウマ娘ステークス,3年目 4月後半,シニア,G3,福島,芝,1800,マイル,右,,,https://img.gamewith.jp/article_tools/uma-musume/gacha/i_race260.png
オアシスステークス,3年目 4月後半,シニア,OP,東京,ダート,1600,マイル,左,,,https://img.gamewith.jp/article_tools/uma-musume/gacha/i_race261.png
天王山ステークス,3年目 4月後半,シニア,OP,京都,ダート,1200,短距離,右,,,https://img.gamewith.jp/article_tools/uma-musume/gacha/i_race262.png
天皇賞（春）,3年目 4月後半,シニア,G1,京都,芝,3200,長距離,右,外,,https://img.gamewith.jp/article_tools/uma-musume/gacha/i_race263.png
京王杯スプリングカップ,3年目 5月前半,シニア,G2,東京,芝,1400,短距離,左,,,https://img.gamewith.jp/article_tools/uma-musume/gacha/i_race264.png
新潟大賞典,3年目 5月前半,シニア,G3,新潟,芝,2000,中距離,左,外,,https://img.gamewith.jp/article_tools/uma-musume/gacha/i_race265.png
谷川岳ステークス,3年目 5月前半,シニア,OP,新潟,芝,1600,マイル,左,外,,https://img.gamewith.jp/article_tools/uma-musume/gacha/i_race266.png
メトロポリタンステークス,3年目 5月前半,シニア,OP,東京,芝,2400,中距離,左,,,https://img.gamewith.jp/article_tools/uma-musume/gacha/i_race267.png
鞍馬ステークス,3年目 5月前半,シニア,OP,京都,芝,1200,短距離,右,内,,https://img.gamewith.jp/article_tools/uma-musume/gacha/i_race268.png
ブリリアントステークス,3年目 5月前半,シニア,OP,東京,ダート,2100,中距離,左,,,https://img.gamewith.jp/article_tools/uma-musume/gacha/i_race269.png
都大路ステークス,3年目 5月前半,シニア,OP,京都,芝,1800,マイル,右,外,,https://img.gamewith.jp/article_tools/uma-musume/gacha/i_race270.png
栗東ステークス,3年目 5月前半,シニア,OP,京都,ダート,1400,短距離,右,,,https://img.gamewith.jp/article_tools/uma-musume/gacha/i_race271.png
ヴィクトリアマイル,3年目 5月前半,シニア,G1,東京,芝,1600,マイル,左,,,https://img.gamewith.jp/article_tools/uma-musume/gacha/i_race272.png
目黒記念,3年目 5月後半,シニア,G2,東京,芝,2500,長距離,左,,,https://img.gamewith.jp/article_tools/uma-musume/gacha/i_race273.png
平安ステークス,3年目 5月後半,シニア,G3,京都,ダート,1900,中距離,右,,,https://img.gamewith.jp/article_tools/uma-musume/gacha/i_race274.png
メイステークス,3年目 5月後半,シニア,OP,東京,芝,1800,マイル,左,,,https://img.gamewith.jp/article_tools/uma-musume/gacha/i_race275.png
韋駄天ステークス,3年目 5月後半,シニア,OP,新潟,芝,1000,短距離,直,線,,https://img.gamewith.jp/article_tools/uma-musume/gacha/i_race276.png
欅ステークス,3年目 5月後半,シニア,OP,東京,ダート,1400,短距離,左,,,https://img.gamewith.jp/article_tools/uma-musume/gacha/i_race277.png
安土城ステークス,3年目 5月後半,シニア,OP,京都,芝,1400,短距離,右,外,,https://img.gamewith.jp/article_tools/uma-musume/gacha/i_race278.png
天保山ステークス,3年目 6月前半,シニア,OP,阪神,ダート,1400,短距離,右,,,https://img.gamewith.jp/article_tools/uma-musume/gacha/i_race279.png
スレイプニルステークス,3年目 6月前半,シニア,OP,東京,ダート,2100,中距離,左,,,https://img.gamewith.jp/article_tools/uma-musume/gacha/i_race280.png
安田記念,3年目 6月前半,シニア,G1,東京,芝,1600,マイル,左,,,https://img.gamewith.jp/article_tools/uma-musume/gacha/i_race281.png
鳴尾記念,3年目 6月前半,シニア,G3,阪神,芝,2000,中距離,右,内,,https://img.gamewith.jp/article_tools/uma-musume/gacha/i_race282.png
マーメイドステークス,3年目 6月前半,シニア,G3,阪神,芝,2000,中距離,右,内,,https://img.gamewith.jp/article_tools/uma-musume/gacha/i_race283.png
エプソムカップ,3年目 6月前半,シニア,G3,東京,芝,1800,マイル,左,,,https://img.gamewith.jp/article_tools/uma-musume/gacha/i_race284.png
帝王賞,3年目 6月後半,シニア,G1,大井,ダート,2000,中距離,右,,,https://img.gamewith.jp/article_tools/uma-musume/gacha/i_race285.png
アハルテケステークス,3年目 6月後半,シニア,OP,東京,ダート,1600,マイル,左,,,https://img.gamewith.jp/article_tools/uma-musume/gacha/i_race286.png
米子ステークス,3年目 6月後半,シニア,OP,阪神,芝,1600,マイル,右,外,,https://img.gamewith.jp/article_tools/uma-musume/gacha/i_race287.png
大沼ステークス,3年目 6月後半,シニア,OP,函館,ダート,1700,マイル,右,,,https://img.gamewith.jp/article_tools/uma-musume/gacha/i_race288.png
パラダイスステークス,3年目 6月後半,シニア,OP,東京,芝,1400,短距離,左,,,https://img.gamewith.jp/article_tools/uma-musume/gacha/i_race289.png
三宮ステークス,3年目 6月後半,シニア,OP,阪神,ダート,1800,マイル,右,,,https://img.gamewith.jp/article_tools/uma-musume/gacha/i_race290.png
宝塚記念,3年目 6月後半,シニア,G1,阪神,芝,2200,中距離,右,内,,https://img.gamewith.jp/article_tools/uma-musume/gacha/i_race291.png
函館スプリントステークス,3年目 6月後半,シニア,G3,函館,芝,1200,短距離,右,,,https://img.gamewith.jp/article_tools/uma-musume/gacha/i_race292.png
CBC賞,3年目 7月前半,シニア,G3,中京,芝,1200,短距離,左,,,https://img.gamewith.jp/article_tools/uma-musume/gacha/i_race293.png
プロキオンステークス,3年目 7月前半,シニア,G3,中京,ダート,1400,短距離,左,,,https://img.gamewith.jp/article_tools/uma-musume/gacha/i_race294.png
七夕賞,3年目 7月前半,シニア,G3,福島,芝,2000,中距離,右,,,https://img.gamewith.jp/article_tools/uma-musume/gacha/i_race295.png
函館記念,3年目 7月前半,シニア,G3,函館,芝,2000,中距離,右,,,https://img.gamewith.jp/article_tools/uma-musume/gacha/i_race296.png
巴賞,3年目 7月前半,シニア,OP,函館,芝,1800,マイル,右,,,https://img.gamewith.jp/article_tools/uma-musume/gacha/i_race297.png
マリーンステークス,3年目 7月前半,シニア,OP,函館,ダート,1700,マイル,右,,,https://img.gamewith.jp/article_tools/uma-musume/gacha/i_race298.png
名鉄杯,3年目 7月前半,シニア,OP,中京,ダート,1800,マイル,左,,,https://img.gamewith.jp/article_tools/uma-musume/gacha/i_race299.png
中京記念,3年目 7月後半,シニア,G3,中京,芝,1600,マイル,左,,,https://img.gamewith.jp/article_tools/uma-musume/gacha/i_race300.png
アイビスサマーダッシュ,3年目 7月後半,シニア,G3,新潟,芝,1000,短距離,直,線,,https://img.gamewith.jp/article_tools/uma-musume/gacha/i_race301.png
クイーンステークス,3年目 7月後半,シニア,G3,札幌,芝,1800,マイル,右,,,https://img.gamewith.jp/article_tools/uma-musume/gacha/i_race302.png
福島テレビオープン,3年目 7月後半,シニア,OP,福島,芝,1200,短距離,右,,,https://img.gamewith.jp/article_tools/uma-musume/gacha/i_race303.png
小倉記念,3年目 8月前半,シニア,G3,小倉,芝,2000,中距離,右,,,https://img.gamewith.jp/article_tools/uma-musume/gacha/i_race304.png
関屋記念,3年目 8月前半,シニア,G3,新潟,芝,1600,マイル,左,外,,https://img.gamewith.jp/article_tools/uma-musume/gacha/i_race305.png
エルムステークス,3年目 8月前半,シニア,G3,札幌,ダート,1700,マイル,右,,,https://img.gamewith.jp/article_tools/uma-musume/gacha/i_race306.png
札幌日経オープン,3年目 8月前半,シニア,OP,札幌,芝,2600,長距離,右,,,https://img.gamewith.jp/article_tools/uma-musume/gacha/i_race307.png
UHB賞,3年目 8月前半,シニア,OP,札幌,芝,1200,短距離,右,,,https://img.gamewith.jp/article_tools/uma-musume/gacha/i_race308.png
阿蘇ステークス,3年目 8月前半,シニア,OP,小倉,ダート,1700,マイル,右,,,https://img.gamewith.jp/article_tools/uma-musume/gacha/i_race309.png
関越ステークス,3年目 8月前半,シニア,OP,新潟,芝,1800,マイル,左,外,,https://img.gamewith.jp/article_tools/uma-musume/gacha/i_race310.png
札幌記念,3年目 8月後半,シニア,G2,札幌,芝,2000,中距離,右,,,https://img.gamewith.jp/article_tools/uma-musume/gacha/i_race311.png
北九州記念,3年目 8月後半,シニア,G3,小倉,芝,1200,短距離,右,,,https://img.gamewith.jp/article_tools/uma-musume/gacha/i_race312.png
キーンランドカップ,3年目 8月後半,シニア,G3,札幌,芝,1200,短距離,右,,,https://img.gamewith.jp/article_tools/uma-musume/gacha/i_race313.png
NST賞,3年目 8月後半,シニア,OP,新潟,ダート,1200,短距離,左,,,https://img.gamewith.jp/article_tools/uma-musume/gacha/i_race314.png
BSN賞,3年目 8月後半,シニア,OP,新潟,ダート,1800,マイル,左,,,https://img.gamewith.jp/article_tools/uma-musume/gacha/i_race315.png
小倉日経オープン,3年目 8月後半,シニア,OP,小倉,芝,1800,マイル,右,,,https://img.gamewith.jp/article_tools/uma-musume/gacha/i_race316.png
朱鷺ステークス,3年目 8月後半,シニア,OP,新潟,芝,1400,短距離,左,内,,https://img.gamewith.jp/article_tools/uma-musume/gacha/i_race317.png
セントウルステークス,3年目 9月前半,シニア,G2,阪神,芝,1200,短距離,右,内,,https://img.gamewith.jp/article_tools/uma-musume/gacha/i_race318.png
新潟記念,3年目 9月前半,シニア,G3,新潟,芝,2000,中距離,左,外,,https://img.gamewith.jp/article_tools/uma-musume/gacha/i_race319.png
京成杯オータムハンデキャップ,3年目 9月前半,シニア,G3,中山,芝,1600,マイル,右,外,,https://img.gamewith.jp/article_tools/uma-musume/gacha/i_race320.png
丹頂ステークス,3年目 9月前半,シニア,OP,札幌,芝,2600,長距離,右,,,https://img.gamewith.jp/article_tools/uma-musume/gacha/i_race321.png
エニフステークス,3年目 9月前半,シニア,OP,阪神,ダート,1400,短距離,右,,,https://img.gamewith.jp/article_tools/uma-musume/gacha/i_race322.png
ラジオ日本賞,3年目 9月前半,シニア,OP,中山,ダート,1800,マイル,右,,,https://img.gamewith.jp/article_tools/uma-musume/gacha/i_race323.png
オールカマー,3年目 9月後半,シニア,G2,中山,芝,2200,中距離,右,外,,https://img.gamewith.jp/article_tools/uma-musume/gacha/i_race324.png
シリウスステークス,3年目 9月後半,シニア,G3,阪神,ダート,2000,中距離,右,,,https://img.gamewith.jp/article_tools/uma-musume/gacha/i_race325.png
ポートアイランドステークス,3年目 9月後半,シニア,OP,阪神,芝,1600,マイル,右,外,,https://img.gamewith.jp/article_tools/uma-musume/gacha/i_race326.png
ながつきステークス,3年目 9月後半,シニア,OP,中山,ダート,1200,短距離,右,,,https://img.gamewith.jp/article_tools/uma-musume/gacha/i_race327.png
スプリンターズS,3年目 9月後半,シニア,G1,中山,芝,1200,短距離,右,外,,https://img.gamewith.jp/article_tools/uma-musume/gacha/i_race328.png
毎日王冠,3年目 10月前半,シニア,G2,東京,芝,1800,マイル,左,,,https://img.gamewith.jp/article_tools/uma-musume/gacha/i_race329.png
京都大賞典,3年目 10月前半,シニア,G2,京都,芝,2400,中距離,右,外,,https://img.gamewith.jp/article_tools/uma-musume/gacha/i_race330.png
府中ウマ娘ステークス,3年目 10月前半,シニア,G2,東京,芝,1800,マイル,左,,,https://img.gamewith.jp/article_tools/uma-musume/gacha/i_race331.png
オパールステークス,3年目 10月前半,シニア,OP,京都,芝,1200,短距離,右,内,,https://img.gamewith.jp/article_tools/uma-musume/gacha/i_race332.png
グリーンチャンネルカップ,3年目 10月前半,シニア,OP,東京,ダート,1400,短距離,左,,,https://img.gamewith.jp/article_tools/uma-musume/gacha/i_race333.png
オクトーバーステークス,3年目 10月前半,シニア,OP,東京,芝,2000,中距離,左,,,https://img.gamewith.jp/article_tools/uma-musume/gacha/i_race334.png
信越ステークス,3年目 10月前半,シニア,OP,新潟,芝,1400,短距離,左,内,,https://img.gamewith.jp/article_tools/uma-musume/gacha/i_race335.png
太秦ステークス,3年目 10月前半,シニア,OP,京都,ダート,1800,マイル,右,,,https://img.gamewith.jp/article_tools/uma-musume/gacha/i_race336.png
スワンステークス,3年目 10月後半,シニア,G2,京都,芝,1400,短距離,右,外,,https://img.gamewith.jp/article_tools/uma-musume/gacha/i_race337.png
富士ステークス,3年目 10月後半,シニア,G2,東京,芝,1600,マイル,左,,,https://img.gamewith.jp/article_tools/uma-musume/gacha/i_race338.png
室町ステークス,3年目 10月後半,シニア,OP,京都,ダート,1200,短距離,右,,,https://img.gamewith.jp/article_tools/uma-musume/gacha/i_race339.png
ブラジルカップ,3年目 10月後半,シニア,OP,東京,ダート,2100,中距離,左,,,https://img.gamewith.jp/article_tools/uma-musume/gacha/i_race340.png
カシオペアステークス,3年目 10月後半,シニア,OP,京都,芝,1800,マイル,右,外,,https://img.gamewith.jp/article_tools/uma-musume/gacha/i_race341.png
ルミエールオータムダッシュ,3年目 10月後半,シニア,OP,新潟,芝,1000,短距離,直,線,,https://img.gamewith.jp/article_tools/uma-musume/gacha/i_race342.png
天皇賞（秋）,3年目 10月後半,シニア,G1,東京,芝,2000,中距離,左,,,https://img.gamewith.jp/article_tools/uma-musume/gacha/i_race343.png
アルゼンチン共和国杯,3年目 11月前半,シニア,G2,東京,芝,2500,長距離,左,,,https://img.gamewith.jp/article_tools/uma-musume/gacha/i_race344.png
みやこステークス,3年目 11月前半,シニア,G3,京都,ダート,1800,マイル,右,,,https://img.gamewith.jp/article_tools/uma-musume/gacha/i_race345.png
武蔵野ステークス,3年目 11月前半,シニア,G3,東京,ダート,1600,マイル,左,,,https://img.gamewith.jp/article_tools/uma-musume/gacha/i_race346.png
福島記念,3年目 11月前半,シニア,G3,福島,芝,2000,中距離,右,,,https://img.gamewith.jp/article_tools/uma-musume/gacha/i_race347.png
オーロカップ,3年目 11月前半,シニア,OP,東京,芝,1400,短距離,左,,,https://img.gamewith.jp/article_tools/uma-musume/gacha/i_race348.png
エリザベス女王杯,3年目 11月前半,シニア,G1,京都,芝,2200,中距離,右,外,,https://img.gamewith.jp/article_tools/uma-musume/gacha/i_race349.png
JBCレディスクラシック,3年目 11月前半,シニア,G1,大井,ダート,1800,マイル,右,,,https://img.gamewith.jp/article_tools/uma-musume/gacha/i_race350.png
JBCスプリント,3年目 11月前半,シニア,G1,大井,ダート,1200,短距離,右,,,https://img.gamewith.jp/article_tools/uma-musume/gacha/i_race351.png
JBCクラシック,3年目 11月前半,シニア,G1,大井,ダート,2000,中距離,右,,,https://img.gamewith.jp/article_tools/uma-musume/gacha/i_race352.png
京阪杯,3年目 11月後半,シニア,G3,京都,芝,1200,短距離,右,内,,https://img.gamewith.jp/article_tools/uma-musume/gacha/i_race353.png
アンドロメダステークス,3年目 11月後半,シニア,OP,京都,芝,2000,中距離,右,内,,https://img.gamewith.jp/article_tools/uma-musume/gacha/i_race354.png
霜月ステークス,3年目 11月後半,シニア,OP,東京,ダート,1400,短距離,左,,,https://img.gamewith.jp/article_tools/uma-musume/gacha/i_race355.png
福島民友カップ,3年目 11月後半,シニア,OP,福島,ダート,1700,マイル,右,,,https://img.gamewith.jp/article_tools/uma-musume/gacha/i_race356.png
キャピタルステークス,3年目 11月後半,シニア,OP,東京,芝,1600,マイル,左,,,https://img.gamewith.jp/article_tools/uma-musume/gacha/i_race357.png
オータムリーフステークス,3年目 11月後半,シニア,OP,京都,ダート,1200,短距離,右,,,https://img.gamewith.jp/article_tools/uma-musume/gacha/i_race358.png
マイルCS,3年目 11月後半,シニア,G1,京都,芝,1600,マイル,右,外,,https://img.gamewith.jp/article_tools/uma-musume/gacha/i_race359.png
ジャパンC,3年目 11月後半,シニア,G1,東京,芝,2400,中距離,左,,,https://img.gamewith.jp/article_tools/uma-musume/gacha/i_race360.png
ステイヤーズステークス,3年目 12月前半,シニア,G2,中山,芝,3600,長距離,右,内,,https://img.gamewith.jp/article_tools/uma-musume/gacha/i_race361.png
チャレンジカップ,3年目 12月前半,シニア,G3,阪神,芝,2000,中距離,右,内,,https://img.gamewith.jp/article_tools/uma-musume/gacha/i_race362.png
中日新聞杯,3年目 12月前半,シニア,G3,中京,芝,2000,中距離,左,,,https://img.gamewith.jp/article_tools/uma-musume/gacha/i_race363.png
カペラステークス,3年目 12月前半,シニア,G3,中山,ダート,1200,短距離,右,,,https://img.gamewith.jp/article_tools/uma-musume/gacha/i_race364.png
ターコイズステークス,3年目 12月前半,シニア,G3,中山,芝,1600,マイル,右,外,,https://img.gamewith.jp/article_tools/uma-musume/gacha/i_race365.png
ラピスラズリステークス,3年目 12月前半,シニア,OP,中山,芝,1200,短距離,右,外,,https://img.gamewith.jp/article_tools/uma-musume/gacha/i_race366.png
師走ステークス,3年目 12月前半,シニア,OP,中山,ダート,1800,マイル,右,,,https://img.gamewith.jp/article_tools/uma-musume/gacha/i_race367.png
リゲルステークス,3年目 12月前半,シニア,OP,阪神,芝,1600,マイル,右,外,,https://img.gamewith.jp/article_tools/uma-musume/gacha/i_race368.png
タンザナイトステークス,3年目 12月前半,シニア,OP,阪神,芝,1200,短距離,右,内,,https://img.gamewith.jp/article_tools/uma-musume/gacha/i_race369.png
ディセンバーステークス,3年目 12月前半,シニア,OP,中山,芝,1800,マイル,右,内,,https://img.gamewith.jp/article_tools/uma-musume/gacha/i_race370.png
チャンピオンズC,3年目 12月前半,シニア,G1,中京,ダート,1800,マイル,左,,,https://img.gamewith.jp/article_tools/uma-musume/gacha/i_race371.png
阪神カップ,3年目 12月後半,シニア,G2,阪神,芝,1400,短距離,右,内,,https://img.gamewith.jp/article_tools/uma-musume/gacha/i_race372.png
ギャラクシーステークス,3年目 12月後半,シニア,OP,阪神,ダート,1400,短距離,右,,,https://img.gamewith.jp/article_tools/uma-musume/gacha/i_race373.png
ベテルギウスステークス,3年目 12月後半,シニア,OP,阪神,ダート,1800,マイル,右,,,https://img.gamewith.jp/article_tools/uma-musume/gacha/i_race374.png
有馬記念,3年目 12月後半,シニア,G1,中山,芝,2500,長距離,右,内,,https://img.gamewith.jp/article_tools/uma-musume/gacha/i_race375.png
東京大賞典,3年目 12月後半,シニア,G1,大井,ダート,2000,中距離,右,,,https://img.gamewith.jp/article_tools/uma-musume/gacha/i_race376.png
,,,,,,,,,,,https://img.gamewith.jp/article_tools/uma-musume/gacha/i_race377.png
,,,,,,,,,,,https://img.gamewith.jp/article_tools/uma-musume/gacha/i_race378.png
,,,,,,,,,,,https://img.gamewith.jp/article_tools/uma-musume/gacha/i_race379.png
川崎記念,2月前半,3年目,G1,川崎,ダート,2100m,中距離,左,,,https://img.gamewith.jp/article_tools/uma-musume/gacha/i_race380.png
全日本ジュニア優駿,12月後半,1年目,G1,川崎,ダート,1600m,マイル,左,,,https://img.gamewith.jp/article_tools/uma-musume/gacha/i_race381.png
かしわ記念,5月前半,3年目,G1,船橋,ダート,1600m,マイル,左,,,https://img.gamewith.jp/article_tools/uma-musume/gacha/i_race382.png
マイルチャンピオンシップ南部杯,10月前半,2年目,G1,盛岡,ダート,1600m,マイル,左,,,https://img.gamewith.jp/article_tools/uma-musume/gacha/i_race383.png
レディスプレリュード,10月前半,2年目,G2,大井,ダート,1800m,マイル,右,,,https://img.gamewith.jp/article_tools/uma-musume/gacha/i_race384.png
東京盃,10月前半,2年目,G2,大井,ダート,1200m,短距離,右,,,https://img.gamewith.jp/article_tools/uma-musume/gacha/i_race385.png
エンプレス杯,3月前半,3年目,G2,川崎,ダート,2100m,中距離,左,,,https://img.gamewith.jp/article_tools/uma-musume/gacha/i_race386.png
関東オークス,6月前半,2年目,G2,川崎,ダート,2100m,中距離,左,,,https://img.gamewith.jp/article_tools/uma-musume/gacha/i_race387.png
ダイオライト記念,3月後半,3年目,G2,船橋,ダート,2400m,中距離,左,,,https://img.gamewith.jp/article_tools/uma-musume/gacha/i_race388.png
さざんかテレビ杯,9月後半,1年目,G2,船橋,ダート,1800m,マイル,左,,,https://img.gamewith.jp/article_tools/uma-musume/gacha/i_race389.png
TCK女王盃,1月後半,3年目,G3,大井,ダート,1800m,マイル,右,,,https://img.gamewith.jp/article_tools/uma-musume/gacha/i_race390.png
東京スプリント,4月後半,3年目,G3,大井,ダート,1200m,短距離,右,,,https://img.gamewith.jp/article_tools/uma-musume/gacha/i_race391.png
スパーキングレディーカップ,7月前半,2年目,G3,川崎,ダート,1600m,マイル,左,,,https://img.gamewith.jp/article_tools/uma-musume/gacha/i_race392.png
マリーンカップ,4月前半,2年目,G3,船橋,ダート,1600m,マイル,左,,,https://img.gamewith.jp/article_tools/uma-musume/gacha/i_race393.png
クイーン賞,12月前半,2年目,G3,船橋,ダート,1800m,マイル,左,,,https://img.gamewith.jp/article_tools/uma-musume/gacha/i_race394.png
マーキュリーカップ,7月後半,2年目,G3,盛岡,ダート,2000m,中距離,左,,,https://img.gamewith.jp/article_tools/uma-musume/gacha/i_race395.png
クラスターカップ,8月後半,3年目,G3,盛岡,ダート,1200m,短距離,左,,,https://img.gamewith.jp/article_tools/uma-musume/gacha/i_race396.png
,,,,,,,,,2,,https://img.gamewith.jp/article_tools/uma-musume/gacha/i_race397.png
Name,Date,Year,Grade,Location,Ground,Distance,Distance category,Direction,,,https://img.gamewith.jp/article_tools/uma-musume/gacha/i_race398.png
川崎記念,2月前半,3年目,G1,川崎,ダート,2100m,中距離,左,,,https://img.gamewith.jp/article_tools/uma-musume/gacha/i_race399.png
全日本ジュニア優駿,12月後半,1年目,G1,川崎,ダート,1600m,マイル,左,,,https://img.gamewith.jp/article_tools/uma-musume/gacha/i_race400.png
かしわ記念,5月前半,3年目,G1,船橋,ダート,1600m,マイル,左,,,https://img.gamewith.jp/article_tools/uma-musume/gacha/i_race401.png
マイルチャンピオンシップ南部杯,10月前半,2年目,G1,盛岡,ダート,1600m,マイル,左,,,https://img.gamewith.jp/article_tools/uma-musume/gacha/i_race402.png
レディスプレリュード,10月前半,2年目,G2,大井,ダート,1800m,マイル,右,,,https://img.gamewith.jp/article_tools/uma-musume/gacha/i_race403.png
東京盃,10月前半,2年目,G2,大井,ダート,1200m,短距離,右,,,https://img.gamewith.jp/article_tools/uma-musume/gacha/i_race404.png
エンプレス杯,3月前半,3年目,G2,川崎,ダート,2100m,中距離,左,,,https://img.gamewith.jp/article_tools/uma-musume/gacha/i_race405.png
関東オークス,6月前半,2年目,G2,川崎,ダート,2100m,中距離,左,11,,https://img.gamewith.jp/article_tools/uma-musume/gacha/i_race406.png
ダイオライト記念,3月後半,3年目,G2,船橋,ダート,2400m,中距離,左,1,,https://img.gamewith.jp/article_tools/uma-musume/gacha/i_race407.png
TCK女王盃,1月後半,3年目,G3,大井,ダート,1800m,マイル,右,1,,https://img.gamewith.jp/article_tools/uma-musume/gacha/i_race408.png
スパーキングレディーカップ,7月前半,2年目,G3,川崎,ダート,1600m,マイル,左,,,https://img.gamewith.jp/article_tools/uma-musume/gacha/i_race409.png
マリーンカップ,4月前半,2年目,G3,船橋,ダート,1600m,マイル,左,,,https://img.gamewith.jp/article_tools/uma-musume/gacha/i_race410.png
クイーン賞,12月前半,2年目,G3,船橋,ダート,1800m,マイル,左,,,https://img.gamewith.jp/article_tools/uma-musume/gacha/i_race411.png
マーキュリーカップ,7月後半,2年目,G3,盛岡,ダート,2000m,中距離,左,,,https://img.gamewith.jp/article_tools/uma-musume/gacha/i_race412.png
,,,,,,,,,,,https://img.gamewith.jp/article_tools/uma-musume/gacha/i_race413.png
さがんかテレビ杯,,,,,,,,,,,https://img.gamewith.jp/article_tools/uma-musume/gacha/i_race414.png
東京スプリント,,,,,,,,,,,https://img.gamewith.jp/article_tools/uma-musume/gacha/i_race415.png
クラスターカップ,,,,,,,,,,,https://img.gamewith.jp/article_tools/uma-musume/gacha/i_race416.png
,,,,,,,,,,,https://img.gamewith.jp/article_tools/uma-musume/gacha/i_race417.png
,,,,,,,,,,,https://img.gamewith.jp/article_tools/uma-musume/gacha/i_race418.png
,,,,,,,,,,,https://img.gamewith.jp/article_tools/uma-musume/gacha/i_race419.png
,,,,,,,,,,,https://img.gamewith.jp/article_tools/uma-musume/gacha/i_race420.png
,,,,,,,,,,,https://img.gamewith.jp/article_tools/uma-musume/gacha/i_race421.png
,,,,,,,,,,,https://img.gamewith.jp/article_tools/uma-musume/gacha/i_race422.png
,,,,,,,,,,,https://img.gamewith.jp/article_tools/uma-musume/gacha/i_race423.png
,,,,,,,,,,,https://img.gamewith.jp/article_tools/uma-musume/gacha/i_race424.png
,,,,,,,,,,,https://img.gamewith.jp/article_tools/uma-musume/gacha/i_race425.png
,,,,,,,,,,,https://img.gamewith.jp/article_tools/uma-musume/gacha/i_race426.png
,,,,,,,,,,,https://img.gamewith.jp/article_tools/uma-musume/gacha/i_race427.png
,,,,,,,,,,,https://img.gamewith.jp/article_tools/uma-musume/gacha/i_race428.png
,,,,,,,,,,,https://img.gamewith.jp/article_tools/uma-musume/gacha/i_race429.png
,,,,,,,,,,,https://img.gamewith.jp/article_tools/uma-musume/gacha/i_race430.png
,,,,,,,,,,,https://img.gamewith.jp/article_tools/uma-musume/gacha/i_race431.png
,,,,,,,,,,,https://img.gamewith.jp/article_tools/uma-musume/gacha/i_race432.png
,,,,,,,,,,,https://img.gamewith.jp/article_tools/uma-musume/gacha/i_race433.png
,,,,,,,,,,,https://img.gamewith.jp/article_tools/uma-musume/gacha/i_race434.png
,,,,,,,,,,,https://img.gamewith.jp/article_tools/uma-musume/gacha/i_race435.png
,,,,,,,,,,,https://img.gamewith.jp/article_tools/uma-musume/gacha/i_race436.png
,,,,,,,,,,,https://img.gamewith.jp/article_tools/uma-musume/gacha/i_race437.png
,,,,,,,,,,,https://img.gamewith.jp/article_tools/uma-musume/gacha/i_race438.png
,,,,,,,,,,,https://img.gamewith.jp/article_tools/uma-musume/gacha/i_race439.png
,,,,,,,,,,,https://img.gamewith.jp/article_tools/uma-musume/gacha/i_race440.png
,,,,,,,,,,,https://img.gamewith.jp/article_tools/uma-musume/gacha/i_race441.png
,,,,,,,,,,,https://img.gamewith.jp/article_tools/uma-musume/gacha/i_race442.png
,,,,,,,,,,,https://img.gamewith.jp/article_tools/uma-musume/gacha/i_race443.png
,,,,,,,,,,,https://img.gamewith.jp/article_tools/uma-musume/gacha/i_race444.png
,,,,,,,,,,,https://img.gamewith.jp/article_tools/uma-musume/gacha/i_race445.png
,,,,,,,,,,,https://img.gamewith.jp/article_tools/uma-musume/gacha/i_race446.png
,,,,,,,,,,,https://img.gamewith.jp/article_tools/uma-musume/gacha/i_race447.png
,,,,,,,,,,,https://img.gamewith.jp/article_tools/uma-musume/gacha/i_race448.png
,,,,,,,,,,,https://img.gamewith.jp/article_tools/uma-musume/gacha/i_race449.png
,,,,,,,,,,,https://img.gamewith.jp/article_tools/uma-musume/gacha/i_race450.png
,,,,,,,,,,,https://img.gamewith.jp/article_tools/uma-musume/gacha/i_race451.png
,,,,,,,,,,,https://img.gamewith.jp/article_tools/uma-musume/gacha/i_race452.png
,,,,,,,,,,,https://img.gamewith.jp/article_tools/uma-musume/gacha/i_race453.png
,,,,,,,,,,,https://img.gamewith.jp/article_tools/uma-musume/gacha/i_race454.png
,,,,,,,,,,,https://img.gamewith.jp/article_tools/uma-musume/gacha/i_race455.png
,,,,,,,,,,,https://img.gamewith.jp/article_tools/uma-musume/gacha/i_race456.png
,,,,,,,,,,,https://img.gamewith.jp/article_tools/uma-musume/gacha/i_race457.png
,,,,,,,,,,,https://img.gamewith.jp/article_tools/uma-musume/gacha/i_race458.png
,,,,,,,,,,,https://img.gamewith.jp/article_tools/uma-musume/gacha/i_race459.png
,,,,,,,,,,,https://img.gamewith.jp/article_tools/uma-musume/gacha/i_race460.png
,,,,,,,,,,,https://img.gamewith.jp/article_tools/uma-musume/gacha/i_race461.png
,,,,,,,,,,,https://img.gamewith.jp/article_tools/uma-musume/gacha/i_race462.png
,,,,,,,,,,,https://img.gamewith.jp/article_tools/uma-musume/gacha/i_race463.png
,,,,,,,,,,,https://img.gamewith.jp/article_tools/uma-musume/gacha/i_race464.png
,,,,,,,,,,,https://img.gamewith.jp/article_tools/uma-musume/gacha/i_race465.png
,,,,,,,,,,,https://img.gamewith.jp/article_tools/uma-musume/gacha/i_race466.png
,,,,,,,,,,,https://img.gamewith.jp/article_tools/uma-musume/gacha/i_race467.png
,,,,,,,,,,,https://img.gamewith.jp/article_tools/uma-musume/gacha/i_race468.png
,,,,,,,,,,,https://img.gamewith.jp/article_tools/uma-musume/gacha/i_race469.png
,,,,,,,,,,,https://img.gamewith.jp/article_tools/uma-musume/gacha/i_race470.png
,,,,,,,,,,,https://img.gamewith.jp/article_tools/uma-musume/gacha/i_race471.png
,,,,,,,,,,,https://img.gamewith.jp/article_tools/uma-musume/gacha/i_race472.png
,,,,,,,,,,,https://img.gamewith.jp/article_tools/uma-musume/gacha/i_race473.png
,,,,,,,,,,,https://img.gamewith.jp/article_tools/uma-musume/gacha/i_race474.png
,,,,,,,,,,,https://img.gamewith.jp/article_tools/uma-musume/gacha/i_race475.png
,,,,,,,,,,,https://img.gamewith.jp/article_tools/uma-musume/gacha/i_race476.png
,,,,,,,,,,,https://img.gamewith.jp/article_tools/uma-musume/gacha/i_race477.png
,,,,,,,,,,,https://img.gamewith.jp/article_tools/uma-musume/gacha/i_race478.png
,,,,,,,,,,,https://img.gamewith.jp/article_tools/uma-musume/gacha/i_race479.png
,,,,,,,,,,,https://img.gamewith.jp/article_tools/uma-musume/gacha/i_race480.png