Name,En name,Date,Year_Num,Month_Num,Month_Half,Year,Grade,Location,Ground,Distance,Distance category,Direction,Inner or outer,Image,Image Link
中京ジュニアステークス,Chukyo Junior Stakes,1年目 7月後半,1,7,後半,ジュニア,OP,中京,芝,1600,マイル,左,,,https://img.gamewith.jp/article_tools/uma-musume/gacha/i_race1.png
函館ジュニアステークス,Hakodate Junior Stakes,1年目 7月後半,1,7,後半,ジュニア,G3,函館,芝,1200,短距離,右,,,https://img.gamewith.jp/article_tools/uma-musume/gacha/i_race2.png
コスモス賞,Cosmos Sho,1年目 8月前半,1,8,前半,ジュニア,OP,札幌,芝,1800,マイル,右,,,https://img.gamewith.jp/article_tools/uma-musume/gacha/i_race3.png
フェニックス賞,Phoenix Sho,1年目 8月前半,1,8,前半,ジュニア,OP,小倉,芝,1200,短距離,右,,,https://img.gamewith.jp/article_tools/uma-musume/gacha/i_race4.png
ダリア賞,Dahlia Sho,1年目 8月前半,1,8,前半,ジュニア,OP,新潟,芝,1400,短距離,左,内,,https://img.gamewith.jp/article_tools/uma-musume/gacha/i_race5.png
クローバー賞,Clover Sho,1年目 8月後半,1,8,後半,ジュニア,OP,札幌,芝,1500,マイル,右,,,https://img.gamewith.jp/article_tools/uma-musume/gacha/i_race6.png
新潟ジュニアステークス,Niigata Junior Stakes,1年目 8月後半,1,8,後半,ジュニア,G3,新潟,芝,1600,マイル,左,外,,https://img.gamewith.jp/article_tools/uma-musume/gacha/i_race7.png
野路菊ステークス,Nojigiku Stakes,1年目 9月前半,1,9,前半,ジュニア,OP,阪神,芝,1800,マイル,右,外,,https://img.gamewith.jp/article_tools/uma-musume/gacha/i_race8.png
札幌ジュニアステークス,Sapporo Junior Stakes,1年目 9月前半,1,9,前半,ジュニア,G3,札幌,芝,1800,マイル,右,,,https://img.gamewith.jp/article_tools/uma-musume/gacha/i_race9.png
小倉ジュニアステークス,Kokura Junior Stakes,1年目 9月前半,1,9,前半,ジュニア,G3,小倉,芝,1200,短距離,右,,,https://img.gamewith.jp/article_tools/uma-musume/gacha/i_race10.png
すずらん賞,Suzuran Sho,1年目 9月前半,1,9,前半,ジュニア,OP,札幌,芝,1200,短距離,右,,,https://img.gamewith.jp/article_tools/uma-musume/gacha/i_race11.png
アスター賞,Aster Sho,1年目 9月前半,1,9,前半,ジュニア,Pre-OP,中山,芝,1600,マイル,右,外,,https://img.gamewith.jp/article_tools/uma-musume/gacha/i_race12.png
さざんかテレビ杯,Sazanka Television Cup,,1,9,後半,ジュニア,G2,船橋,ダート,1800,マイル,左,,,https://img.gamewith.jp/article_tools/uma-musume/gacha/i_race389.png
芙蓉ステークス,Fuyo Stakes,1年目 9月後半,1,9,後半,ジュニア,OP,中山,芝,2000,中距離,右,内,,https://img.gamewith.jp/article_tools/uma-musume/gacha/i_race13.png
ききょうステークス,Kikyo Stakes,1年目 9月後半,1,9,後半,ジュニア,OP,阪神,芝,1400,短距離,右,内,,https://img.gamewith.jp/article_tools/uma-musume/gacha/i_race14.png
カンナステークス,Kanna Stakes,1年目 9月後半,1,9,後半,ジュニア,OP,中山,芝,1200,短距離,右,外,,https://img.gamewith.jp/article_tools/uma-musume/gacha/i_race15.png
サフラン賞,Saffron Sho,1年目 9月後半,1,9,後半,ジュニア,Pre-OP,中山,芝,1600,マイル,右,外,,https://img.gamewith.jp/article_tools/uma-musume/gacha/i_race16.png
紫菊賞,Shigiku Sho,1年目 10月前半,1,10,前半,ジュニア,Pre-OP,京都,芝,2000,中距離,右,内,,https://img.gamewith.jp/article_tools/uma-musume/gacha/i_race17.png
サウジアラビアロイヤルカップ,Saudi Arabia Royal Cup,1年目 10月前半,1,10,前半,ジュニア,G3,東京,芝,1600,マイル,左,,,https://img.gamewith.jp/article_tools/uma-musume/gacha/i_race18.png
もみじステークス,Momiji Stakes,1年目 10月前半,1,10,前半,ジュニア,OP,京都,芝,1400,短距離,右,外,,https://img.gamewith.jp/article_tools/uma-musume/gacha/i_race19.png
りんどう賞,Rindo Sho,1年目 10月前半,1,10,前半,ジュニア,Pre-OP,京都,芝,1400,短距離,右,外,,https://img.gamewith.jp/article_tools/uma-musume/gacha/i_race20.png
プラタナス賞,Platanus Sho,1年目 10月前半,1,10,前半,ジュニア,Pre-OP,東京,ダート,1600,マイル,左,,,https://img.gamewith.jp/article_tools/uma-musume/gacha/i_race21.png
萩ステークス,Hagi Stakes,1年目 10月後半,1,10,後半,ジュニア,OP,京都,芝,1800,マイル,右,外,,https://img.gamewith.jp/article_tools/uma-musume/gacha/i_race22.png
アルテミスステークス,Artemis Stakes,1年目 10月後半,1,10,後半,ジュニア,G3,東京,芝,1600,マイル,左,,,https://img.gamewith.jp/article_tools/uma-musume/gacha/i_race23.png
アイビーステークス,Ivy Stakes,1年目 10月後半,1,10,後半,ジュニア,OP,東京,芝,1800,マイル,左,,,https://img.gamewith.jp/article_tools/uma-musume/gacha/i_race24.png
なでしこ賞,Nadeshiko Sho,1年目 10月後半,1,10,後半,ジュニア,Pre-OP,京都,ダート,1400,短距離,右,,,https://img.gamewith.jp/article_tools/uma-musume/gacha/i_race25.png
黄菊賞,Kigiku Sho,1年目 11月前半,1,11,前半,ジュニア,Pre-OP,京都,芝,2000,中距離,右,内,,https://img.gamewith.jp/article_tools/uma-musume/gacha/i_race26.png
京王杯ジュニアステークス,Keio Hai Junior Stakes,1年目 11月前半,1,11,前半,ジュニア,G2,東京,芝,1400,短距離,左,,,https://img.gamewith.jp/article_tools/uma-musume/gacha/i_race27.png
デイリー杯ジュニアステークス,Daily Hai Junior Stakes,1年目 11月前半,1,11,前半,ジュニア,G2,京都,芝,1600,マイル,右,外,,https://img.gamewith.jp/article_tools/uma-musume/gacha/i_race28.png
ファンタジーステークス,Fantasy Stakes,1年目 11月前半,1,11,前半,ジュニア,G3,京都,芝,1400,短距離,右,外,,https://img.gamewith.jp/article_tools/uma-musume/gacha/i_race29.png
福島ジュニアステークス,Fukushima Junior Stakes,1年目 11月前半,1,11,前半,ジュニア,OP,福島,芝,1200,短距離,右,,,https://img.gamewith.jp/article_tools/uma-musume/gacha/i_race30.png
百日草特別,Zinnia Tokubetsu,1年目 11月前半,1,11,前半,ジュニア,Pre-OP,東京,芝,2000,中距離,左,,,https://img.gamewith.jp/article_tools/uma-musume/gacha/i_race31.png
きんもくせい特別,Amanita Tokubetsu,1年目 11月前半,1,11,前半,ジュニア,Pre-OP,福島,芝,1800,マイル,右,,,https://img.gamewith.jp/article_tools/uma-musume/gacha/i_race32.png
オキザリス賞,Oxalis Sho,1年目 11月前半,1,11,前半,ジュニア,Pre-OP,東京,ダート,1400,短距離,左,,,https://img.gamewith.jp/article_tools/uma-musume/gacha/i_race33.png
こうやまき賞,Koyamaki Sho,1年目 11月後半,1,11,後半,ジュニア,Pre-OP,中京,芝,1600,マイル,左,,,https://img.gamewith.jp/article_tools/uma-musume/gacha/i_race34.png
東京スポーツ杯ジュニアステークス,Tokyo Sports Cup Junior Stakes,1年目 11月後半,1,11,後半,ジュニア,G3,東京,芝,1800,マイル,左,,,https://img.gamewith.jp/article_tools/uma-musume/gacha/i_race35.png
京都ジュニアステークス,Kyoto Junior Stakes,1年目 11月後半,1,11,後半,ジュニア,G3,京都,芝,2000,中距離,右,内,,https://img.gamewith.jp/article_tools/uma-musume/gacha/i_race36.png
もちの木賞,Mochinoki Sho,1年目 11月後半,1,11,後半,ジュニア,Pre-OP,京都,ダート,1800,マイル,右,,,https://img.gamewith.jp/article_tools/uma-musume/gacha/i_race37.png
赤松賞,Akamatsu Sho,1年目 11月後半,1,11,後半,ジュニア,Pre-OP,東京,芝,1600,マイル,左,,,https://img.gamewith.jp/article_tools/uma-musume/gacha/i_race38.png
秋明菊賞,Shumeigiku Sho,1年目 11月後半,1,11,後半,ジュニア,Pre-OP,京都,芝,1400,短距離,右,外,,https://img.gamewith.jp/article_tools/uma-musume/gacha/i_race39.png
カトレア賞,Cattleya Sho,1年目 11月後半,1,11,後半,ジュニア,Pre-OP,東京,ダート,1600,マイル,左,,,https://img.gamewith.jp/article_tools/uma-musume/gacha/i_race40.png
ベゴニア賞,Begonia Sho,1年目 11月後半,1,11,後半,ジュニア,Pre-OP,東京,芝,1600,マイル,左,,,https://img.gamewith.jp/article_tools/uma-musume/gacha/i_race41.png
白菊賞,Shiragiku Sho,1年目 11月後半,1,11,後半,ジュニア,Pre-OP,京都,芝,1600,マイル,右,外,,https://img.gamewith.jp/article_tools/uma-musume/gacha/i_race42.png
葉牡丹賞,Habotan Sho,1年目 11月後半,1,11,後半,ジュニア,Pre-OP,中山,芝,2000,中距離,右,内,,https://img.gamewith.jp/article_tools/uma-musume/gacha/i_race43.png
ひいらぎ賞,Hiiragi Sho,1年目 12月前半,1,12,前半,ジュニア,Pre-OP,中山,芝,1600,マイル,右,外,,https://img.gamewith.jp/article_tools/uma-musume/gacha/i_race44.png
万両賞,Manryo Sho,1年目 12月前半,1,12,前半,ジュニア,Pre-OP,阪神,芝,1400,短距離,右,内,,https://img.gamewith.jp/article_tools/uma-musume/gacha/i_race45.png
黒松賞,Kuromatsu Sho,1年目 12月前半,1,12,前半,ジュニア,Pre-OP,中山,芝,1200,短距離,右,外,,https://img.gamewith.jp/article_tools/uma-musume/gacha/i_race46.png
エリカ賞,Erika Sho,1年目 12月前半,1,12,前半,ジュニア,Pre-OP,阪神,芝,2000,中距離,右,内,,https://img.gamewith.jp/article_tools/uma-musume/gacha/i_race47.png
つわぶき賞,Tsuwabuki Sho,1年目 12月前半,1,12,前半,ジュニア,Pre-OP,中京,芝,1400,短距離,左,,,https://img.gamewith.jp/article_tools/uma-musume/gacha/i_race48.png
さざんか賞,Sazanka Sho,1年目 12月前半,1,12,前半,ジュニア,Pre-OP,阪神,芝,1200,短距離,右,内,,https://img.gamewith.jp/article_tools/uma-musume/gacha/i_race49.png
寒椿賞,Kantsubaki Sho,1年目 12月前半,1,12,前半,ジュニア,Pre-OP,中京,ダート,1400,短距離,左,,,https://img.gamewith.jp/article_tools/uma-musume/gacha/i_race50.png
阪神ジュベナイルフィリーズ,Hanshin Juvenile Fillies,1年目 12月前半,1,12,前半,ジュニア,G1,阪神,芝,1600,マイル,右,外,,https://img.gamewith.jp/article_tools/uma-musume/gacha/i_race51.png
朝日杯フューチュリティステークス,Asahi Hai Futurity Stakes,1年目 12月前半,1,12,前半,ジュニア,G1,阪神,芝,1600,マイル,右,外,,https://img.gamewith.jp/article_tools/uma-musume/gacha/i_race52.png
全日本ジュニア優駿,All Japan Junior Yushun,,1,12,後半,ジュニア,G1,川崎,ダート,1600,マイル,左,,,https://img.gamewith.jp/article_tools/uma-musume/gacha/i_race381.png
千両賞,Senryo Sho,1年目 12月後半,1,12,後半,ジュニア,Pre-OP,阪神,芝,1600,マイル,右,外,,https://img.gamewith.jp/article_tools/uma-musume/gacha/i_race53.png
クリスマスローズステークス,Christmas Rose Stakes,1年目 12月後半,1,12,後半,ジュニア,OP,中山,芝,1200,短距離,右,外,,https://img.gamewith.jp/article_tools/uma-musume/gacha/i_race54.png
ホープフルステークス,Hopeful Stakes,1年目 12月後半,1,12,後半,ジュニア,G1,中山,芝,2000,中距離,右,内,,https://img.gamewith.jp/article_tools/uma-musume/gacha/i_race55.png
フェアリーステークス,Fairy Stakes,2年目 1月前半,2,1,前半,クラシック,G3,中山,芝,1600,マイル,右,外,,https://img.gamewith.jp/article_tools/uma-musume/gacha/i_race56.png
ジュニアカップ,Junior Cup,2年目 1月前半,2,1,前半,クラシック,OP,中山,芝,1600,マイル,右,外,,https://img.gamewith.jp/article_tools/uma-musume/gacha/i_race57.png
紅梅ステークス,Koubai Stakes,2年目 1月前半,2,1,前半,クラシック,OP,京都,芝,1400,短距離,右,外,,https://img.gamewith.jp/article_tools/uma-musume/gacha/i_race58.png
シンザン記念,Shinzan Kinen,2年目 1月前半,2,1,前半,クラシック,G3,京都,芝,1600,マイル,右,外,,https://img.gamewith.jp/article_tools/uma-musume/gacha/i_race59.png
京成杯,Keisei Hai,2年目 1月前半,2,1,前半,クラシック,G3,中山,芝,2000,中距離,右,内,,https://img.gamewith.jp/article_tools/uma-musume/gacha/i_race60.png
若駒ステークス,Wakakoma Stakes,2年目 1月後半,2,1,後半,クラシック,OP,京都,芝,2000,中距離,右,内,,https://img.gamewith.jp/article_tools/uma-musume/gacha/i_race61.png
クロッカスステークス,Crocus Stakes,2年目 1月後半,2,1,後半,クラシック,OP,東京,芝,1400,短距離,左,,,https://img.gamewith.jp/article_tools/uma-musume/gacha/i_race62.png
クイーンカップ,Queen Cup,2年目 2月前半,2,2,前半,クラシック,G3,東京,芝,1600,マイル,左,,,https://img.gamewith.jp/article_tools/uma-musume/gacha/i_race63.png
エルフィンステークス,Elfin Stakes,2年目 2月前半,2,2,前半,クラシック,OP,京都,芝,1600,マイル,右,外,,https://img.gamewith.jp/article_tools/uma-musume/gacha/i_race64.png
きさらぎ賞,Kisaragi Sho,2年目 2月前半,2,2,前半,クラシック,G3,京都,芝,1800,マイル,右,外,,https://img.gamewith.jp/article_tools/uma-musume/gacha/i_race65.png
共同通信杯,Kyodo News Hai,2年目 2月前半,2,2,前半,クラシック,G3,東京,芝,1800,マイル,左,,,https://img.gamewith.jp/article_tools/uma-musume/gacha/i_race66.png
ヒヤシンスステークス,Hyacinth Stakes,2年目 2月後半,2,2,後半,クラシック,OP,東京,ダート,1600,マイル,左,,,https://img.gamewith.jp/article_tools/uma-musume/gacha/i_race67.png
すみれステークス,Sumire Stakes,2年目 2月後半,2,2,後半,クラシック,OP,阪神,芝,2200,中距離,右,内,,https://img.gamewith.jp/article_tools/uma-musume/gacha/i_race68.png
マーガレットステークス,Margaret Stakes,2年目 2月後半,2,2,後半,クラシック,OP,阪神,芝,1200,短距離,右,内,,https://img.gamewith.jp/article_tools/uma-musume/gacha/i_race69.png
アネモネステークス,Anemone Stakes,2年目 3月前半,2,3,前半,クラシック,OP,中山,芝,1600,マイル,右,外,,https://img.gamewith.jp/article_tools/uma-musume/gacha/i_race70.png
昇竜ステークス,Shoryu Stakes,2年目 3月前半,2,3,前半,クラシック,OP,中京,ダート,1400,短距離,左,,,https://img.gamewith.jp/article_tools/uma-musume/gacha/i_race71.png
弥生賞,Yayoi Sho,2年目 3月前半,2,3,前半,クラシック,G2,中山,芝,2000,中距離,右,内,,https://img.gamewith.jp/article_tools/uma-musume/gacha/i_race72.png
フィリーズレビュー,Fillies Review,2年目 3月前半,2,3,前半,クラシック,G2,阪神,芝,1400,短距離,右,内,,https://img.gamewith.jp/article_tools/uma-musume/gacha/i_race73.png
チューリップ賞,Tulip Sho,2年目 3月前半,2,3,前半,クラシック,G2,阪神,芝,1600,マイル,右,外,,https://img.gamewith.jp/article_tools/uma-musume/gacha/i_race74.png
フラワーカップ,Flower Cup,2年目 3月後半,2,3,後半,クラシック,G3,中山,芝,1800,マイル,右,内,,https://img.gamewith.jp/article_tools/uma-musume/gacha/i_race75.png
若葉ステークス,Wakaba Stakes,2年目 3月後半,2,3,後半,クラシック,OP,阪神,芝,2000,中距離,右,内,,https://img.gamewith.jp/article_tools/uma-musume/gacha/i_race76.png
スプリングステークス,Spring Stakes,2年目 3月後半,2,3,後半,クラシック,G2,中山,芝,1800,マイル,右,内,,https://img.gamewith.jp/article_tools/uma-musume/gacha/i_race77.png
ファルコンステークス,Falcon Stakes,2年目 3月後半,2,3,後半,クラシック,G3,中京,芝,1400,短距離,左,,,https://img.gamewith.jp/article_tools/uma-musume/gacha/i_race78.png
毎日杯,Mainichi Hai,2年目 3月後半,2,3,後半,クラシック,G3,阪神,芝,1800,マイル,右,外,,https://img.gamewith.jp/article_tools/uma-musume/gacha/i_race79.png
伏竜ステークス,Fukuryu Stakes,2年目 4月前半,2,4,前半,クラシック,OP,中山,ダート,1800,マイル,右,,,https://img.gamewith.jp/article_tools/uma-musume/gacha/i_race80.png
忘れな草賞,Wasurenagusa Sho,2年目 4月前半,2,4,前半,クラシック,OP,阪神,芝,2000,中距離,右,内,,https://img.gamewith.jp/article_tools/uma-musume/gacha/i_race81.png
桜花賞,Oka Sho,2年目 4月前半,2,4,前半,クラシック,G1,阪神,芝,1600,マイル,右,外,,https://img.gamewith.jp/article_tools/uma-musume/gacha/i_race82.png
皐月賞,Satsuki Sho,2年目 4月前半,2,4,前半,クラシック,G1,中山,芝,2000,中距離,右,内,,https://img.gamewith.jp/article_tools/uma-musume/gacha/i_race83.png
ニュージーランドトロフィー,New Zealand Trophy,2年目 4月前半,2,4,前半,クラシック,G2,中山,芝,1600,マイル,右,外,,https://img.gamewith.jp/article_tools/uma-musume/gacha/i_race84.png
マリーンカップ,Marine Cup,,2,4,前半,クラシック,G3,船橋,ダート,1600,マイル,左,,,https://img.gamewith.jp/article_tools/uma-musume/gacha/i_race393.png
アーリントンカップ,Arlington Cup,2年目 4月前半,2,4,前半,クラシック,G3,阪神,芝,1600,マイル,右,外,,https://img.gamewith.jp/article_tools/uma-musume/gacha/i_race85.png
橘ステークス,Tachibana Stakes,2年目 4月後半,2,4,後半,クラシック,OP,京都,芝,1400,短距離,右,外,,https://img.gamewith.jp/article_tools/uma-musume/gacha/i_race86.png
端午ステークス,Tango Stakes,2年目 4月後半,2,4,後半,クラシック,OP,京都,ダート,1400,短距離,右,,,https://img.gamewith.jp/article_tools/uma-musume/gacha/i_race87.png
スイートピーステークス,Sweet Pea Stakes,2年目 4月後半,2,4,後半,クラシック,OP,東京,芝,1800,マイル,左,,,https://img.gamewith.jp/article_tools/uma-musume/gacha/i_race88.png
フローラステークス,Flora Stakes,2年目 4月後半,2,4,後半,クラシック,G2,東京,芝,2000,中距離,左,,,https://img.gamewith.jp/article_tools/uma-musume/gacha/i_race89.png
青葉賞,Aoba Sho,2年目 4月後半,2,4,後半,クラシック,G2,東京,芝,2400,中距離,左,,,https://img.gamewith.jp/article_tools/uma-musume/gacha/i_race90.png
プリンシパルステークス,Principal Stakes,2年目 5月前半,2,5,前半,クラシック,OP,東京,芝,2000,中距離,左,,,https://img.gamewith.jp/article_tools/uma-musume/gacha/i_race91.png
青竜ステークス,Seiryu Stakes,2年目 5月前半,2,5,前半,クラシック,OP,東京,ダート,1600,マイル,左,,,https://img.gamewith.jp/article_tools/uma-musume/gacha/i_race92.png
NHKマイルカップ,NHK Mile Cup,2年目 5月前半,2,5,前半,クラシック,G1,東京,芝,1600,マイル,左,,,https://img.gamewith.jp/article_tools/uma-musume/gacha/i_race93.png
京都新聞杯,Kyoto Shimbun Hai,2年目 5月前半,2,5,前半,クラシック,G2,京都,芝,2200,中距離,右,外,,https://img.gamewith.jp/article_tools/uma-musume/gacha/i_race94.png
鳳雛ステークス,Hosu Stakes,2年目 5月後半,2,5,後半,クラシック,OP,京都,ダート,1800,マイル,右,,,https://img.gamewith.jp/article_tools/uma-musume/gacha/i_race95.png
白百合ステークス,Shirayuri Stakes,2年目 5月後半,2,5,後半,クラシック,OP,京都,芝,1800,マイル,右,外,,https://img.gamewith.jp/article_tools/uma-musume/gacha/i_race96.png
オークス,Oaks,2年目 5月後半,2,5,後半,クラシック,G1,東京,芝,2400,中距離,左,,,https://img.gamewith.jp/article_tools/uma-musume/gacha/i_race97.png
日本ダービー,Japan Derby,2年目 5月後半,2,5,後半,クラシック,G1,東京,芝,2400,中距離,左,,,https://img.gamewith.jp/article_tools/uma-musume/gacha/i_race98.png
葵ステークス,Aoi Stakes,2年目 5月後半,2,5,後半,クラシック,G3,京都,芝,1200,短距離,右,内,,https://img.gamewith.jp/article_tools/uma-musume/gacha/i_race99.png
天保山ステークス,Tempozan Stakes,2年目 6月前半,2,6,前半,クラシック,OP,阪神,ダート,1400,短距離,右,,,https://img.gamewith.jp/article_tools/uma-musume/gacha/i_race100.png
スレイプニルステークス,Sleipnir Stakes,2年目 6月前半,2,6,前半,クラシック,OP,東京,ダート,2100,中距離,左,,,https://img.gamewith.jp/article_tools/uma-musume/gacha/i_race101.png
安田記念,Yasuda Kinen,2年目 6月前半,2,6,前半,クラシック,G1,東京,芝,1600,マイル,左,,,https://img.gamewith.jp/article_tools/uma-musume/gacha/i_race102.png
鳴尾記念,Naruo Kinen,2年目 6月前半,2,6,前半,クラシック,G3,阪神,芝,2000,中距離,右,内,,https://img.gamewith.jp/article_tools/uma-musume/gacha/i_race103.png
マーメイドステークス,Mermaid Stakes,2年目 6月前半,2,6,前半,クラシック,G3,阪神,芝,2000,中距離,右,内,,https://img.gamewith.jp/article_tools/uma-musume/gacha/i_race104.png
エプソムカップ,Epsom Cup,2年目 6月前半,2,6,前半,クラシック,G3,東京,芝,1800,マイル,左,,,https://img.gamewith.jp/article_tools/uma-musume/gacha/i_race105.png
ユニコーンステークス,Unicorn Stakes,2年目 6月後半,2,6,後半,クラシック,G3,東京,ダート,1600,マイル,左,,,https://img.gamewith.jp/article_tools/uma-musume/gacha/i_race106.png
アハルテケステークス,Akhal-Teke Stakes,2年目 6月後半,2,6,後半,クラシック,OP,東京,ダート,1600,マイル,左,,,https://img.gamewith.jp/article_tools/uma-musume/gacha/i_race107.png
米子ステークス,Yonago Stakes,2年目 6月後半,2,6,後半,クラシック,OP,阪神,芝,1600,マイル,右,外,,https://img.gamewith.jp/article_tools/uma-musume/gacha/i_race108.png
大沼ステークス,Onuma Stakes,2年目 6月後半,2,6,後半,クラシック,OP,函館,ダート,1700,マイル,右,,,https://img.gamewith.jp/article_tools/uma-musume/gacha/i_race109.png
パラダイスステークス,Paradise Stakes,2年目 6月後半,2,6,後半,クラシック,OP,東京,芝,1400,短距離,左,,,https://img.gamewith.jp/article_tools/uma-musume/gacha/i_race110.png
三宮ステークス,Sannomiya Stakes,2年目 6月後半,2,6,後半,クラシック,OP,阪神,ダート,1800,マイル,右,,,https://img.gamewith.jp/article_tools/uma-musume/gacha/i_race111.png
宝塚記念,Takarazuka Kinen,2年目 6月後半,2,6,後半,クラシック,G1,阪神,芝,2200,中距離,右,内,,https://img.gamewith.jp/article_tools/uma-musume/gacha/i_race112.png
関東オークス,Kanto Oaks,,2,6,前半,クラシック,G2,川崎,ダート,2100,中距離,左,,,https://img.gamewith.jp/article_tools/uma-musume/gacha/i_race387.png
スパーキングレディーカップ,Sparking Lady Cup,,2,7,前半,クラシック,G3,川崎,ダート,1600,マイル,左,,,https://img.gamewith.jp/article_tools/uma-musume/gacha/i_race392.png
函館スプリントステークス,Hakodate Sprint Stakes,2年目 6月後半,2,6,後半,クラシック,G3,函館,芝,1200,短距離,右,,,https://img.gamewith.jp/article_tools/uma-musume/gacha/i_race113.png
CBC賞,CBC Sho,2年目 7月前半,2,7,前半,クラシック,G3,中京,芝,1200,短距離,左,,,https://img.gamewith.jp/article_tools/uma-musume/gacha/i_race114.png
プロキオンステークス,Procyon Stakes,2年目 7月前半,2,7,前半,クラシック,G3,中京,ダート,1400,短距離,左,,,https://img.gamewith.jp/article_tools/uma-musume/gacha/i_race115.png
七夕賞,Tanabata Sho,2年目 7月前半,2,7,前半,クラシック,G3,福島,芝,2000,中距離,右,,,https://img.gamewith.jp/article_tools/uma-musume/gacha/i_race116.png
函館記念,Hakodate Kinen,2年目 7月前半,2,7,前半,クラシック,G3,函館,芝,2000,中距離,右,,,https://img.gamewith.jp/article_tools/uma-musume/gacha/i_race117.png
ラジオNIKKEI賞,Radio Nikkei Sho,2年目 7月前半,2,7,前半,クラシック,G3,福島,芝,1800,マイル,右,,,https://img.gamewith.jp/article_tools/uma-musume/gacha/i_race118.png
巴賞,Tomoe Sho,2年目 7月前半,2,7,前半,クラシック,OP,函館,芝,1800,マイル,右,,,https://img.gamewith.jp/article_tools/uma-musume/gacha/i_race119.png
マリーンステークス,Marine Stakes,2年目 7月前半,2,7,前半,クラシック,OP,函館,ダート,1700,マイル,右,,,https://img.gamewith.jp/article_tools/uma-musume/gacha/i_race120.png
名鉄杯,Meitetsu Hai,2年目 7月前半,2,7,前半,クラシック,OP,中京,ダート,1800,マイル,左,,,https://img.gamewith.jp/article_tools/uma-musume/gacha/i_race121.png
ジャパンダートダービー,Japan Dirt Derby,2年目 7月前半,2,7,前半,クラシック,G1,大井,ダート,2000,中距離,右,,,https://img.gamewith.jp/article_tools/uma-musume/gacha/i_race122.png
マーキュリーカップ,Mercury Cup,,2,7,後半,クラシック,G3,盛岡,ダート,2000,中距離,左,,,https://img.gamewith.jp/article_tools/uma-musume/gacha/i_race395.png
中京記念,Chukyo Kinen,2年目 7月後半,2,7,後半,クラシック,G3,中京,芝,1600,マイル,左,,,https://img.gamewith.jp/article_tools/uma-musume/gacha/i_race123.png
アイビスサマーダッシュ,Ibis Summer Dash,2年目 7月後半,2,7,後半,クラシック,G3,新潟,芝,1000,短距離,直,線,,https://img.gamewith.jp/article_tools/uma-musume/gacha/i_race124.png
クイーンステークス,Queen Stakes,2年目 7月後半,2,7,後半,クラシック,G3,札幌,芝,1800,マイル,右,,,https://img.gamewith.jp/article_tools/uma-musume/gacha/i_race125.png
福島テレビオープン,Fukushima Television Open,2年目 7月後半,2,7,後半,クラシック,OP,福島,芝,1200,短距離,右,,,https://img.gamewith.jp/article_tools/uma-musume/gacha/i_race126.png
小倉記念,Kokura Kinen,2年目 8月前半,2,8,前半,クラシック,G3,小倉,芝,2000,中距離,右,,,https://img.gamewith.jp/article_tools/uma-musume/gacha/i_race127.png
関屋記念,Sekiya Kinen,2年目 8月前半,2,8,前半,クラシック,G3,新潟,芝,1600,マイル,左,外,,https://img.gamewith.jp/article_tools/uma-musume/gacha/i_race128.png
エルムステークス,Elm Stakes,2年目 8月前半,2,8,前半,クラシック,G3,札幌,ダート,1700,マイル,右,,,https://img.gamewith.jp/article_tools/uma-musume/gacha/i_race129.png
レパードステークス,Leopard Stakes,2年目 8月前半,2,8,前半,クラシック,G3,新潟,ダート,1800,マイル,左,,,https://img.gamewith.jp/article_tools/uma-musume/gacha/i_race130.png
札幌日経オープン,Sapporo Nikkei Open,2年目 8月前半,2,8,前半,クラシック,OP,札幌,芝,2600,長距離,右,,,https://img.gamewith.jp/article_tools/uma-musume/gacha/i_race131.png
UHB賞,UHB Sho,2年目 8月前半,2,8,前半,クラシック,OP,札幌,芝,1200,短距離,右,,,https://img.gamewith.jp/article_tools/uma-musume/gacha/i_race132.png
阿蘇ステークス,Aso Stakes,2年目 8月前半,2,8,前半,クラシック,OP,小倉,ダート,1700,マイル,右,,,https://img.gamewith.jp/article_tools/uma-musume/gacha/i_race133.png
関越ステークス,Kan'etsu Stakes,2年目 8月前半,2,8,前半,クラシック,OP,新潟,芝,1800,マイル,左,外,,https://img.gamewith.jp/article_tools/uma-musume/gacha/i_race134.png
札幌記念,Sapporo Kinen,2年目 8月後半,2,8,後半,クラシック,G2,札幌,芝,2000,中距離,右,,,https://img.gamewith.jp/article_tools/uma-musume/gacha/i_race135.png
北九州記念,Kitakyushu Kinen,2年目 8月後半,2,8,後半,クラシック,G3,小倉,芝,1200,短距離,右,,,https://img.gamewith.jp/article_tools/uma-musume/gacha/i_race136.png
キーンランドカップ,Keeneland Cup,2年目 8月後半,2,8,後半,クラシック,G3,札幌,芝,1200,短距離,右,,,https://img.gamewith.jp/article_tools/uma-musume/gacha/i_race137.png
NST賞,NST Sho,2年目 8月後半,2,8,後半,クラシック,OP,新潟,ダート,1200,短距離,左,,,https://img.gamewith.jp/article_tools/uma-musume/gacha/i_race138.png
BSN賞,BSN Sho,2年目 8月後半,2,8,後半,クラシック,OP,新潟,ダート,1800,マイル,左,,,https://img.gamewith.jp/article_tools/uma-musume/gacha/i_race139.png
小倉日経オープン,Kokura Nikkei Open,2年目 8月後半,2,8,後半,クラシック,OP,小倉,芝,1800,マイル,右,,,https://img.gamewith.jp/article_tools/uma-musume/gacha/i_race140.png
朱鷺ステークス,Toki Stakes,2年目 8月後半,2,8,後半,クラシック,OP,新潟,芝,1400,短距離,左,内,,https://img.gamewith.jp/article_tools/uma-musume/gacha/i_race141.png
セントウルステークス,Centaur Stakes,2年目 9月前半,2,9,前半,クラシック,G2,阪神,芝,1200,短距離,右,内,,https://img.gamewith.jp/article_tools/uma-musume/gacha/i_race142.png
ローズステークス,Rose Stakes,2年目 9月前半,2,9,前半,クラシック,G2,阪神,芝,1800,マイル,右,外,,https://img.gamewith.jp/article_tools/uma-musume/gacha/i_race143.png
新潟記念,Niigata Kinen,2年目 9月前半,2,9,前半,クラシック,G3,新潟,芝,2000,中距離,左,外,,https://img.gamewith.jp/article_tools/uma-musume/gacha/i_race144.png
京成杯オータムハンデキャップ,Keisei Hai Autumn Handicap,2年目 9月前半,2,9,前半,クラシック,G3,中山,芝,1600,マイル,右,外,,https://img.gamewith.jp/article_tools/uma-musume/gacha/i_race145.png
紫苑ステークス,Shion Stakes,2年目 9月前半,2,9,前半,クラシック,G3,中山,芝,2000,中距離,右,内,,https://img.gamewith.jp/article_tools/uma-musume/gacha/i_race146.png
丹頂ステークス,Tancho Stakes,2年目 9月前半,2,9,前半,クラシック,OP,札幌,芝,2600,長距離,右,,,https://img.gamewith.jp/article_tools/uma-musume/gacha/i_race147.png
エニフステークス,Enif Stakes,2年目 9月前半,2,9,前半,クラシック,OP,阪神,ダート,1400,短距離,右,,,https://img.gamewith.jp/article_tools/uma-musume/gacha/i_race148.png
ラジオ日本賞,Radio Nippon Sho,2年目 9月前半,2,9,前半,クラシック,OP,中山,ダート,1800,マイル,右,,,https://img.gamewith.jp/article_tools/uma-musume/gacha/i_race149.png
神戸新聞杯,Kobe Shimbun Hai,2年目 9月後半,2,9,後半,クラシック,G2,阪神,芝,2400,中距離,右,外,,https://img.gamewith.jp/article_tools/uma-musume/gacha/i_race150.png
オールカマー,All Comers,2年目 9月後半,2,9,後半,クラシック,G2,中山,芝,2200,中距離,右,外,,https://img.gamewith.jp/article_tools/uma-musume/gacha/i_race151.png
セントライト記念,Centaurite Kinen,2年目 9月後半,2,9,後半,クラシック,G2,中山,芝,2200,中距離,右,外,,https://img.gamewith.jp/article_tools/uma-musume/gacha/i_race152.png
シリウスステークス,Sirius Stakes,2年目 9月後半,2,9,後半,クラシック,G3,阪神,ダート,2000,中距離,右,,,https://img.gamewith.jp/article_tools/uma-musume/gacha/i_race153.png
ポートアイランドステークス,Port Island Stakes,2年目 9月後半,2,9,後半,クラシック,OP,阪神,芝,1600,マイル,右,外,,https://img.gamewith.jp/article_tools/uma-musume/gacha/i_race154.png
ながつきステークス,Nagatsuki Stakes,2年目 9月後半,2,9,後半,クラシック,OP,中山,ダート,1200,短距離,右,,,https://img.gamewith.jp/article_tools/uma-musume/gacha/i_race155.png
スプリンターズステークス,Sprinters Stakes,2年目 9月後半,2,9,後半,クラシック,G1,中山,芝,1200,短距離,右,外,,https://img.gamewith.jp/article_tools/uma-musume/gacha/i_race156.png
マイルチャンピオンシップ南部杯,Mile Championship Nanbu Hai,,2,10,前半,クラシック,G1,盛岡,ダート,1600,マイル,左,,,https://img.gamewith.jp/article_tools/uma-musume/gacha/i_race383.png
レディスプレリュード,Ladies' Prelude,,2,10,前半,クラシック,G2,大井,ダート,1800,マイル,右,,,https://img.gamewith.jp/article_tools/uma-musume/gacha/i_race384.png
東京盃,Tokyo Hai,,2,10,前半,クラシック,G2,大井,ダート,1200,短距離,右,,,https://img.gamewith.jp/article_tools/uma-musume/gacha/i_race385.png
毎日王冠,Mainichi Okan,2年目 10月前半,2,10,前半,クラシック,G2,東京,芝,1800,マイル,左,,,https://img.gamewith.jp/article_tools/uma-musume/gacha/i_race157.png
京都大賞典,Kyoto University Shoten,2年目 10月前半,2,10,前半,クラシック,G2,京都,芝,2400,中距離,右,外,,https://img.gamewith.jp/article_tools/uma-musume/gacha/i_race158.png
府中ウマ娘ステークス,Fuchu Umamusume Stakes,2年目 10月前半,2,10,前半,クラシック,G2,東京,芝,1800,マイル,左,,,https://img.gamewith.jp/article_tools/uma-musume/gacha/i_race159.png
オパールステークス,Opal Stakes,2年目 10月前半,2,10,前半,クラシック,OP,京都,芝,1200,短距離,右,内,,https://img.gamewith.jp/article_tools/uma-musume/gacha/i_race160.png
グリーンチャンネルカップ,Green Channel Cup,2年目 10月前半,2,10,前半,クラシック,OP,東京,ダート,1400,短距離,左,,,https://img.gamewith.jp/article_tools/uma-musume/gacha/i_race161.png
オクトーバーステークス,October Stakes,2年目 10月前半,2,10,前半,クラシック,OP,東京,芝,2000,中距離,左,,,https://img.gamewith.jp/article_tools/uma-musume/gacha/i_race162.png
信越ステークス,Shinetsu Stakes,2年目 10月前半,2,10,前半,クラシック,OP,新潟,芝,1400,短距離,左,内,,https://img.gamewith.jp/article_tools/uma-musume/gacha/i_race163.png
太秦ステークス,Uzumasa Stakes,2年目 10月前半,2,10,前半,クラシック,OP,京都,ダート,1800,マイル,右,,,https://img.gamewith.jp/article_tools/uma-musume/gacha/i_race164.png
スワンステークス,Swan Stakes,2年目 10月後半,2,10,後半,クラシック,G2,京都,芝,1400,短距離,右,外,,https://img.gamewith.jp/article_tools/uma-musume/gacha/i_race165.png
富士ステークス,Fuji Stakes,2年目 10月後半,2,10,後半,クラシック,G2,東京,芝,1600,マイル,左,,,https://img.gamewith.jp/article_tools/uma-musume/gacha/i_race166.png
室町ステークス,Muromachi Stakes,2年目 10月後半,2,10,後半,クラシック,OP,京都,ダート,1200,短距離,右,,,https://img.gamewith.jp/article_tools/uma-musume/gacha/i_race167.png
ブラジルカップ,Brazil Cup,2年目 10月後半,2,10,後半,クラシック,OP,東京,ダート,2100,中距離,左,,,https://img.gamewith.jp/article_tools/uma-musume/gacha/i_race168.png
カシオペアステークス,Cassiopeia Stakes,2年目 10月後半,2,10,後半,クラシック,OP,京都,芝,1800,マイル,右,外,,https://img.gamewith.jp/article_tools/uma-musume/gacha/i_race169.png
ルミエールオータムダッシュ,Lumiere Autumn Dash,2年目 10月後半,2,10,後半,クラシック,OP,新潟,芝,1000,短距離,直,線,,https://img.gamewith.jp/article_tools/uma-musume/gacha/i_race170.png
天皇賞（秋）,Tenno Sho (Autumn),2年目 10月後半,2,10,後半,クラシック,G1,東京,芝,2000,中距離,左,,,https://img.gamewith.jp/article_tools/uma-musume/gacha/i_race171.png
秋華賞,Akika Sho,2年目 10月後半,2,10,後半,クラシック,G1,京都,芝,2000,中距離,右,内,,https://img.gamewith.jp/article_tools/uma-musume/gacha/i_race172.png
菊花賞,Kikka Sho,2年目 10月後半,2,10,後半,クラシック,G1,京都,芝,3000,長距離,右,外,,https://img.gamewith.jp/article_tools/uma-musume/gacha/i_race173.png
アルゼンチン共和国杯,Argentina Republic Cup,2年目 11月前半,2,11,前半,クラシック,G2,東京,芝,2500,長距離,左,,,https://img.gamewith.jp/article_tools/uma-musume/gacha/i_race174.png
みやこステークス,Miyako Stakes,2年目 11月前半,2,11,前半,クラシック,G3,京都,ダート,1800,マイル,右,,,https://img.gamewith.jp/article_tools/uma-musume/gacha/i_race175.png
武蔵野ステークス,Musashino Stakes,2年目 11月前半,2,11,前半,クラシック,G3,東京,ダート,1600,マイル,左,,,https://img.gamewith.jp/article_tools/uma-musume/gacha/i_race176.png
福島記念,Fukushima Kinen,2年目 11月前半,2,11,前半,クラシック,G3,福島,芝,2000,中距離,右,,,https://img.gamewith.jp/article_tools/uma-musume/gacha/i_race177.png
オーロカップ,Oro Cup,2年目 11月前半,2,11,前半,クラシック,OP,東京,芝,1400,短距離,左,,,https://img.gamewith.jp/article_tools/uma-musume/gacha/i_race178.png
エリザベス女王杯,Queen Elizabeth II Cup,2年目 11月前半,2,11,前半,クラシック,G1,京都,芝,2200,中距離,右,外,,https://img.gamewith.jp/article_tools/uma-musume/gacha/i_race179.png
JBCレディスクラシック,JBC Ladies Classic,2年目 11月前半,2,11,前半,クラシック,G1,大井,ダート,1800,マイル,右,,,https://img.gamewith.jp/article_tools/uma-musume/gacha/i_race180.png
JBCスプリント,JBC Sprint,2年目 11月前半,2,11,前半,クラシック,G1,大井,ダート,1200,短距離,右,,,https://img.gamewith.jp/article_tools/uma-musume/gacha/i_race181.png
JBCクラシック,JBC Classic,2年目 11月前半,2,11,前半,クラシック,G1,大井,ダート,2000,中距離,右,,,https://img.gamewith.jp/article_tools/uma-musume/gacha/i_race182.png
京阪杯,Keihan Cup,2年目 11月後半,2,11,後半,クラシック,G3,京都,芝,1200,短距離,右,内,,https://img.gamewith.jp/article_tools/uma-musume/gacha/i_race183.png
アンドロメダステークス,Andromeda Stakes,2年目 11月後半,2,11,後半,クラシック,OP,京都,芝,2000,中距離,右,内,,https://img.gamewith.jp/article_tools/uma-musume/gacha/i_race184.png
霜月ステークス,Shimotsuki Stakes,2年目 11月後半,2,11,後半,クラシック,OP,東京,ダート,1400,短距離,左,,,https://img.gamewith.jp/article_tools/uma-musume/gacha/i_race185.png
福島民友カップ,Fukushima Minyu Cup,2年目 11月後半,2,11,後半,クラシック,OP,福島,ダート,1700,マイル,右,,,https://img.gamewith.jp/article_tools/uma-musume/gacha/i_race186.png
キャピタルステークス,Capital Stakes,2年目 11月後半,2,11,後半,クラシック,OP,東京,芝,1600,マイル,左,,,https://img.gamewith.jp/article_tools/uma-musume/gacha/i_race187.png
オータムリーフステークス,Autumn Leaf Stakes,2年目 11月後半,2,11,後半,クラシック,OP,京都,ダート,1200,短距離,右,,,https://img.gamewith.jp/article_tools/uma-musume/gacha/i_race188.png
マイルチャンピオンシップ,Mile Championship,2年目 11月後半,2,11,後半,クラシック,G1,京都,芝,1600,マイル,右,外,,https://img.gamewith.jp/article_tools/uma-musume/gacha/i_race189.png
ジャパンカップ,Japan Cup,2年目 11月後半,2,11,後半,クラシック,G1,東京,芝,2400,中距離,左,,,https://img.gamewith.jp/article_tools/uma-musume/gacha/i_race190.png
ステイヤーズステークス,Stayers' Stakes,2年目 12月前半,2,12,前半,クラシック,G2,中山,芝,3600,長距離,右,内,,https://img.gamewith.jp/article_tools/uma-musume/gacha/i_race191.png
クイーン賞,Queen Sho,,2,12,前半,クラシック,G3,船橋,ダート,1800,マイル,左,,,https://img.gamewith.jp/article_tools/uma-musume/gacha/i_race394.png
チャレンジカップ,Challenge Cup,2年目 12月前半,2,12,前半,クラシック,G3,阪神,芝,2000,中距離,右,内,,https://img.gamewith.jp/article_tools/uma-musume/gacha/i_race192.png
中日新聞杯,Chunichi Shimbun Hai,2年目 12月前半,2,12,前半,クラシック,G3,中京,芝,2000,中距離,左,,,https://img.gamewith.jp/article_tools/uma-musume/gacha/i_race193.png
カペラステークス,Capella Stakes,2年目 12月前半,2,12,前半,クラシック,G3,中山,ダート,1200,短距離,右,,,https://img.gamewith.jp/article_tools/uma-musume/gacha/i_race194.png
ターコイズステークス,Turquoise Stakes,2年目 12月前半,2,12,前半,クラシック,G3,中山,芝,1600,マイル,右,外,,https://img.gamewith.jp/article_tools/uma-musume/gacha/i_race195.png
ラピスラズリステークス,Lapis Lazuli Stakes,2年目 12月前半,2,12,前半,クラシック,OP,中山,芝,1200,短距離,右,外,,https://img.gamewith.jp/article_tools/uma-musume/gacha/i_race196.png
師走ステークス,Shiwasu Stakes,2年目 12月前半,2,12,前半,クラシック,OP,中山,ダート,1800,マイル,右,,,https://img.gamewith.jp/article_tools/uma-musume/gacha/i_race197.png
リゲルステークス,Rigel Stakes,2年目 12月前半,2,12,前半,クラシック,OP,阪神,芝,1600,マイル,右,外,,https://img.gamewith.jp/article_tools/uma-musume/gacha/i_race198.png
タンザナイトステークス,Tanzanite Stakes,2年目 12月前半,2,12,前半,クラシック,OP,阪神,芝,1200,短距離,右,内,,https://img.gamewith.jp/article_tools/uma-musume/gacha/i_race199.png
ディセンバーステークス,December Stakes,2年目 12月前半,2,12,前半,クラシック,OP,中山,芝,1800,マイル,右,内,,https://img.gamewith.jp/article_tools/uma-musume/gacha/i_race200.png
チャンピオンズカップ,Champions Cup,2年目 12月前半,2,12,前半,クラシック,G1,中京,ダート,1800,マイル,左,,,https://img.gamewith.jp/article_tools/uma-musume/gacha/i_race201.png
阪神カップ,Hanshin Cup,2年目 12月後半,2,12,後半,クラシック,G2,阪神,芝,1400,短距離,右,内,,https://img.gamewith.jp/article_tools/uma-musume/gacha/i_race202.png
ギャラクシーステークス,Galaxy Stakes,2年目 12月後半,2,12,後半,クラシック,OP,阪神,ダート,1400,短距離,右,,,https://img.gamewith.jp/article_tools/uma-musume/gacha/i_race203.png
ベテルギウスステークス,Betelgeuse Stakes,2年目 12月後半,2,12,後半,クラシック,OP,阪神,ダート,1800,マイル,右,,,https://img.gamewith.jp/article_tools/uma-musume/gacha/i_race204.png
有馬記念,Arima Kinen,2年目 12月後半,2,12,後半,クラシック,G1,中山,芝,2500,長距離,右,内,,https://img.gamewith.jp/article_tools/uma-musume/gacha/i_race205.png
東京大賞典,Tokyo Dai Stakes,2年目 12月後半,2,12,後半,クラシック,G1,大井,ダート,2000,中距離,右,,,https://img.gamewith.jp/article_tools/uma-musume/gacha/i_race206.png
日経新春杯,Nikkei New Year Cup,3年目 1月前半,3,1,前半,シニア,G2,京都,芝,2400,中距離,右,外,,https://img.gamewith.jp/article_tools/uma-musume/gacha/i_race207.png
TCK女王盃,TCK Queen's Cup,,3,1,後半,シニア,G3,大井,ダート,1800,マイル,右,,,https://img.gamewith.jp/article_tools/uma-musume/gacha/i_race390.png
京都金杯,Kyoto Kinen,3年目 1月前半,3,1,前半,シニア,G3,京都,芝,1600,マイル,右,外,,https://img.gamewith.jp/article_tools/uma-musume/gacha/i_race208.png
中山金杯,Nakayama Kinen,3年目 1月前半,3,1,前半,シニア,G3,中山,芝,2000,中距離,右,内,,https://img.gamewith.jp/article_tools/uma-musume/gacha/i_race209.png
愛知杯,Aichi Cup,3年目 1月前半,3,1,前半,シニア,G3,中京,芝,2000,中距離,左,,,https://img.gamewith.jp/article_tools/uma-musume/gacha/i_race210.png
万葉ステークス,Man'yo Stakes,3年目 1月前半,3,1,前半,シニア,OP,京都,芝,3000,長距離,右,外,,https://img.gamewith.jp/article_tools/uma-musume/gacha/i_race211.png
淀短距離ステークス,Yodo Stakes,3年目 1月前半,3,1,前半,シニア,OP,京都,芝,1200,短距離,右,内,,https://img.gamewith.jp/article_tools/uma-musume/gacha/i_race212.png
ポルックスステークス,Pollux Stakes,3年目 1月前半,3,1,前半,シニア,OP,中山,ダート,1800,マイル,右,,,https://img.gamewith.jp/article_tools/uma-musume/gacha/i_race213.png
ジャニュアリーステークス,January Stakes,3年目 1月前半,3,1,前半,シニア,OP,中山,ダート,1200,短距離,右,,,https://img.gamewith.jp/article_tools/uma-musume/gacha/i_race214.png
ニューイヤーステークス,New Year Stakes,3年目 1月前半,3,1,前半,シニア,OP,中山,芝,1600,マイル,右,外,,https://img.gamewith.jp/article_tools/uma-musume/gacha/i_race215.png
カーバンクルステークス,Carbuncle Stakes,3年目 1月前半,3,1,前半,シニア,OP,中山,芝,1200,短距離,右,外,,https://img.gamewith.jp/article_tools/uma-musume/gacha/i_race216.png
東海ステークス,Tokai Stakes,3年目 1月後半,3,1,後半,シニア,G2,中京,ダート,1800,マイル,左,,,https://img.gamewith.jp/article_tools/uma-musume/gacha/i_race217.png
アメリカJCC,American JCC,3年目 1月後半,3,1,後半,シニア,G2,中山,芝,2200,中距離,右,外,,https://img.gamewith.jp/article_tools/uma-musume/gacha/i_race218.png
シルクロードステークス,Silk Road Stakes,3年目 1月後半,3,1,後半,シニア,G3,京都,芝,1200,短距離,右,内,,https://img.gamewith.jp/article_tools/uma-musume/gacha/i_race219.png
根岸ステークス,Negishi Stakes,3年目 1月後半,3,1,後半,シニア,G3,東京,ダート,1400,短距離,左,,,https://img.gamewith.jp/article_tools/uma-musume/gacha/i_race220.png
すばるステークス,Subaru Stakes,3年目 1月後半,3,1,後半,シニア,OP,京都,ダート,1400,短距離,右,,,https://img.gamewith.jp/article_tools/uma-musume/gacha/i_race221.png
白富士ステークス,Shirafuji Stakes,3年目 1月後半,3,1,後半,シニア,OP,東京,芝,2000,中距離,左,,,https://img.gamewith.jp/article_tools/uma-musume/gacha/i_race222.png
川崎記念,Kawasaki Kinen,,3,2,前半,シニア,G1,川崎,ダート,2100,中距離,左,,,https://img.gamewith.jp/article_tools/uma-musume/gacha/i_race380.png
京都記念,Kyoto Kinen,3年目 2月前半,3,2,前半,シニア,G2,京都,芝,2200,中距離,右,外,,https://img.gamewith.jp/article_tools/uma-musume/gacha/i_race223.png
東京新聞杯,Tokyo Shimbun Hai,3年目 2月前半,3,2,前半,シニア,G3,東京,芝,1600,マイル,左,,,https://img.gamewith.jp/article_tools/uma-musume/gacha/i_race224.png
大和ステークス,Yamato Stakes,3年目 2月前半,3,2,前半,シニア,OP,京都,ダート,1200,短距離,右,,,https://img.gamewith.jp/article_tools/uma-musume/gacha/i_race225.png
洛陽ステークス,Rakuyo Stakes,3年目 2月前半,3,2,前半,シニア,OP,京都,芝,1600,マイル,右,外,,https://img.gamewith.jp/article_tools/uma-musume/gacha/i_race226.png
アルデバランステークス,Aldebaran Stakes,3年目 2月前半,3,2,前半,シニア,OP,京都,ダート,1900,中距離,右,,,https://img.gamewith.jp/article_tools/uma-musume/gacha/i_race227.png
バレンタインステークス,Valentine Stakes,3年目 2月前半,3,2,前半,シニア,OP,東京,ダート,1400,短距離,左,,,https://img.gamewith.jp/article_tools/uma-musume/gacha/i_race228.png
中山記念,Nakayama Kinen,3年目 2月後半,3,2,後半,シニア,G2,中山,芝,1800,マイル,右,内,,https://img.gamewith.jp/article_tools/uma-musume/gacha/i_race229.png
京都ウマ娘ステークス,Kyoto Umamusume Stakes,3年目 2月後半,3,2,後半,シニア,G3,京都,芝,1400,短距離,右,外,,https://img.gamewith.jp/article_tools/uma-musume/gacha/i_race230.png
ダイヤモンドステークス,Diamond Stakes,3年目 2月後半,3,2,後半,シニア,G3,東京,芝,3400,長距離,左,,,https://img.gamewith.jp/article_tools/uma-musume/gacha/i_race231.png
小倉大賞典,Ogura Dai Stakes,3年目 2月後半,3,2,後半,シニア,G3,小倉,芝,1800,マイル,右,,,https://img.gamewith.jp/article_tools/uma-musume/gacha/i_race232.png
阪急杯,Hankyu Hai,3年目 2月後半,3,2,後半,シニア,G3,阪神,芝,1400,短距離,右,内,,https://img.gamewith.jp/article_tools/uma-musume/gacha/i_race233.png
総武ステークス,Soubu Stakes,3年目 2月後半,3,2,後半,シニア,OP,中山,ダート,1800,マイル,右,,,https://img.gamewith.jp/article_tools/uma-musume/gacha/i_race234.png
北九州短距離ステークス,Kitakyushu Stakes,3年目 2月後半,3,2,後半,シニア,OP,小倉,芝,1200,短距離,右,,,https://img.gamewith.jp/article_tools/uma-musume/gacha/i_race235.png
フェブラリーステークス,February Stakes,3年目 2月後半,3,2,後半,シニア,G1,東京,ダート,1600,マイル,左,,,https://img.gamewith.jp/article_tools/uma-musume/gacha/i_race236.png
金鯱賞,Kinshachi Sho,3年目 3月前半,3,3,前半,シニア,G2,中京,芝,2000,中距離,左,,,https://img.gamewith.jp/article_tools/uma-musume/gacha/i_race237.png
オーシャンステークス,Ocean Stakes,3年目 3月前半,3,3,前半,シニア,G3,中山,芝,1200,短距離,右,外,,https://img.gamewith.jp/article_tools/uma-musume/gacha/i_race238.png
中山ウマ娘ステークス,Nakayama Umamusume Stakes,3年目 3月前半,3,3,前半,シニア,G3,中山,芝,1800,マイル,右,内,,https://img.gamewith.jp/article_tools/uma-musume/gacha/i_race239.png
大阪城ステークス,Osaka Castle Stakes,3年目 3月前半,3,3,前半,シニア,OP,阪神,芝,1800,マイル,右,外,,https://img.gamewith.jp/article_tools/uma-musume/gacha/i_race240.png
ポラリスステークス,Polaris Stakes,3年目 3月前半,3,3,前半,シニア,OP,阪神,ダート,1400,短距離,右,,,https://img.gamewith.jp/article_tools/uma-musume/gacha/i_race241.png
仁川ステークス,Incheon Stakes,3年目 3月前半,3,3,前半,シニア,OP,阪神,ダート,2000,中距離,右,,,https://img.gamewith.jp/article_tools/uma-musume/gacha/i_race242.png
東風ステークス,Tohoku Stakes,3年目 3月前半,3,3,前半,シニア,OP,中山,芝,1600,マイル,右,外,,https://img.gamewith.jp/article_tools/uma-musume/gacha/i_race243.png
エンプレス杯,Empress Cup,,3,3,前半,シニア,G2,川崎,ダート,2100,中距離,左,,,https://img.gamewith.jp/article_tools/uma-musume/gacha/i_race386.png
ダイオライト記念,Diolight Kinen,,3,3,後半,シニア,G2,船橋,ダート,2400,中距離,左,,,https://img.gamewith.jp/article_tools/uma-musume/gacha/i_race388.png
阪神大賞典,Hanshin Dai Shoten,3年目 3月後半,3,3,後半,シニア,G2,阪神,芝,3000,長距離,右,内,,https://img.gamewith.jp/article_tools/uma-musume/gacha/i_race244.png
日経賞,Nikkei Sho,3年目 3月後半,3,3,後半,シニア,G2,中山,芝,2500,長距離,右,内,,https://img.gamewith.jp/article_tools/uma-musume/gacha/i_race245.png
マーチステークス,March Stakes,3年目 3月後半,3,3,後半,シニア,G3,中山,ダート,1800,マイル,右,,,https://img.gamewith.jp/article_tools/uma-musume/gacha/i_race246.png
千葉ステークス,Chiba Stakes,3年目 3月後半,3,3,後半,シニア,OP,中山,ダート,1200,短距離,右,,,https://img.gamewith.jp/article_tools/uma-musume/gacha/i_race247.png
六甲ステークス,Rokko Stakes,3年目 3月後半,3,3,後半,シニア,OP,阪神,芝,1600,マイル,右,外,,https://img.gamewith.jp/article_tools/uma-musume/gacha/i_race248.png
高松宮記念,Takamatsunomiya Kinen,3年目 3月後半,3,3,後半,シニア,G1,中京,芝,1200,短距離,左,,,https://img.gamewith.jp/article_tools/uma-musume/gacha/i_race249.png
大阪杯,Osaka Hai,3年目 3月後半,3,3,後半,シニア,G1,阪神,芝,2000,中距離,右,内,,https://img.gamewith.jp/article_tools/uma-musume/gacha/i_race250.png
阪神ウマ娘ステークス,Hanshin Umamusume Stakes,3年目 4月前半,3,4,前半,シニア,G2,阪神,芝,1600,マイル,右,外,,https://img.gamewith.jp/article_tools/uma-musume/gacha/i_race251.png
ダービー卿チャレンジトロフィー,Lord Derby Challenge Trophy,3年目 4月前半,3,4,前半,シニア,G3,中山,芝,1600,マイル,右,外,,https://img.gamewith.jp/article_tools/uma-musume/gacha/i_race252.png
アンタレスステークス,Antares Stakes,3年目 4月前半,3,4,前半,シニア,G3,阪神,ダート,1800,マイル,右,,,https://img.gamewith.jp/article_tools/uma-musume/gacha/i_race253.png
コーラルステークス,Coral Stakes,3年目 4月前半,3,4,前半,シニア,OP,阪神,ダート,1400,短距離,右,,,https://img.gamewith.jp/article_tools/uma-musume/gacha/i_race254.png
京葉ステークス,Keiyo Stakes,3年目 4月前半,3,4,前半,シニア,OP,中山,ダート,1200,短距離,右,,,https://img.gamewith.jp/article_tools/uma-musume/gacha/i_race255.png
春雷ステークス,Shunrai Stakes,3年目 4月前半,3,4,前半,シニア,OP,中山,芝,1200,短距離,右,外,,https://img.gamewith.jp/article_tools/uma-musume/gacha/i_race256.png
福島民報杯,Fukushima Minpo Cup,3年目 4月前半,3,4,前半,シニア,OP,福島,芝,2000,中距離,右,,,https://img.gamewith.jp/article_tools/uma-musume/gacha/i_race257.png
吾妻小富士ステークス,Azuma Kofuji Stakes,3年目 4月前半,3,4,前半,シニア,OP,福島,ダート,1700,マイル,右,,,https://img.gamewith.jp/article_tools/uma-musume/gacha/i_race258.png
マイラーズカップ,Miler Cup,3年目 4月後半,3,4,後半,シニア,G2,京都,芝,1600,マイル,右,外,,https://img.gamewith.jp/article_tools/uma-musume/gacha/i_race259.png
東京スプリント,Tokyo Sprint,,3,4,後半,シニア,G3,大井,ダート,1200,短距離,右,,,https://img.gamewith.jp/article_tools/uma-musume/gacha/i_race391.png
福島ウマ娘ステークス,Fukushima Umamusume Stakes,3年目 4月後半,3,4,後半,シニア,G3,福島,芝,1800,マイル,右,,,https://img.gamewith.jp/article_tools/uma-musume/gacha/i_race260.png
オアシスステークス,Oasis Stakes,3年目 4月後半,3,4,後半,シニア,OP,東京,ダート,1600,マイル,左,,,https://img.gamewith.jp/article_tools/uma-musume/gacha/i_race261.png
天王山ステークス,Tennozan Stakes,3年目 4月後半,3,4,後半,シニア,OP,京都,ダート,1200,短距離,右,,,https://img.gamewith.jp/article_tools/uma-musume/gacha/i_race262.png
天皇賞（春）,Tenno Sho (Spring),3年目 4月後半,3,4,後半,シニア,G1,京都,芝,3200,長距離,右,外,,https://img.gamewith.jp/article_tools/uma-musume/gacha/i_race263.png
かしわ記念,Kashiwa Kinen,,3,5,前半,シニア,G1,船橋,ダート,1600,マイル,左,,,https://img.gamewith.jp/article_tools/uma-musume/gacha/i_race382.png
京王杯スプリングカップ,Keio Hai Spring Cup,3年目 5月前半,3,5,前半,シニア,G2,東京,芝,1400,短距離,左,,,https://img.gamewith.jp/article_tools/uma-musume/gacha/i_race264.png
新潟大賞典,Niigata Dai Shoten,3年目 5月前半,3,5,前半,シニア,G3,新潟,芝,2000,中距離,左,外,,https://img.gamewith.jp/article_tools/uma-musume/gacha/i_race265.png
谷川岳ステークス,Tanigawadake Stakes,3年目 5月前半,3,5,前半,シニア,OP,新潟,芝,1600,マイル,左,外,,https://img.gamewith.jp/article_tools/uma-musume/gacha/i_race266.png
メトロポリタンステークス,Metropolitan Stakes,3年目 5月前半,3,5,前半,シニア,OP,東京,芝,2400,中距離,左,,,https://img.gamewith.jp/article_tools/uma-musume/gacha/i_race267.png
鞍馬ステークス,Kurama Stakes,3年目 5月前半,3,5,前半,シニア,OP,京都,芝,1200,短距離,右,内,,https://img.gamewith.jp/article_tools/uma-musume/gacha/i_race268.png
ブリリアントステークス,Brilliant Stakes,3年目 5月前半,3,5,前半,シニア,OP,東京,ダート,2100,中距離,左,,,https://img.gamewith.jp/article_tools/uma-musume/gacha/i_race269.png
都大路ステークス,Miyakooji Stakes,3年目 5月前半,3,5,前半,シニア,OP,京都,芝,1800,マイル,右,外,,https://img.gamewith.jp/article_tools/uma-musume/gacha/i_race270.png
栗東ステークス,Ritto Stakes,3年目 5月前半,3,5,前半,シニア,OP,京都,ダート,1400,短距離,右,,,https://img.gamewith.jp/article_tools/uma-musume/gacha/i_race271.png
ヴィクトリアマイル,Victoria Mile,3年目 5月前半,3,5,前半,シニア,G1,東京,芝,1600,マイル,左,,,https://img.gamewith.jp/article_tools/uma-musume/gacha/i_race272.png
目黒記念,Meguro Kinen,3年目 5月後半,3,5,後半,シニア,G2,東京,芝,2500,長距離,左,,,https://img.gamewith.jp/article_tools/uma-musume/gacha/i_race273.png
平安ステークス,Heian Stakes,3年目 5月後半,3,5,後半,シニア,G3,京都,ダート,1900,中距離,右,,,https://img.gamewith.jp/article_tools/uma-musume/gacha/i_race274.png
メイステークス,Mei Stakes,3年目 5月後半,3,5,後半,シニア,OP,東京,芝,1800,マイル,左,,,https://img.gamewith.jp/article_tools/uma-musume/gacha/i_race275.png
韋駄天ステークス,Idaten Stakes,3年目 5月後半,3,5,後半,シニア,OP,新潟,芝,1000,短距離,直,線,,https://img.gamewith.jp/article_tools/uma-musume/gacha/i_race276.png
欅ステークス,Keyaki Stakes,3年目 5月後半,3,5,後半,シニア,OP,東京,ダート,1400,短距離,左,,,https://img.gamewith.jp/article_tools/uma-musume/gacha/i_race277.png
安土城ステークス,Azuchi Castle Stakes,3年目 5月後半,3,5,後半,シニア,OP,京都,芝,1400,短距離,右,外,,https://img.gamewith.jp/article_tools/uma-musume/gacha/i_race278.png
天保山ステークス,Tempozan Stakes,3年目 6月前半,3,6,前半,シニア,OP,阪神,ダート,1400,短距離,右,,,https://img.gamewith.jp/article_tools/uma-musume/gacha/i_race279.png
スレイプニルステークス,Sleipnir Stakes,3年目 6月前半,3,6,前半,シニア,OP,東京,ダート,2100,中距離,左,,,https://img.gamewith.jp/article_tools/uma-musume/gacha/i_race280.png
安田記念,Yasuda Kinen,3年目 6月前半,3,6,前半,シニア,G1,東京,芝,1600,マイル,左,,,https://img.gamewith.jp/article_tools/uma-musume/gacha/i_race281.png
鳴尾記念,Naruo Kinen,3年目 6月前半,3,6,前半,シニア,G3,阪神,芝,2000,中距離,右,内,,https://img.gamewith.jp/article_tools/uma-musume/gacha/i_race282.png
マーメイドステークス,Mermaid Stakes,3年目 6月前半,3,6,前半,シニア,G3,阪神,芝,2000,中距離,右,内,,https://img.gamewith.jp/article_tools/uma-musume/gacha/i_race283.png
エプソムカップ,Epsom Cup,3年目 6月前半,3,6,前半,シニア,G3,東京,芝,1800,マイル,左,,,https://img.gamewith.jp/article_tools/uma-musume/gacha/i_race284.png
帝王賞,Teioh Sho,3年目 6月後半,3,6,後半,シニア,G1,大井,ダート,2000,中距離,右,,,https://img.gamewith.jp/article_tools/uma-musume/gacha/i_race285.png
アハルテケステークス,Akhal-Teke Stakes,3年目 6月後半,3,6,後半,シニア,OP,東京,ダート,1600,マイル,左,,,https://img.gamewith.jp/article_tools/uma-musume/gacha/i_race286.png
米子ステークス,Yonago Stakes,3年目 6月後半,3,6,後半,シニア,OP,阪神,芝,1600,マイル,右,外,,https://img.gamewith.jp/article_tools/uma-musume/gacha/i_race287.png
大沼ステークス,Onuma Stakes,3年目 6月後半,3,6,後半,シニア,OP,函館,ダート,1700,マイル,右,,,https://img.gamewith.jp/article_tools/uma-musume/gacha/i_race288.png
パラダイスステークス,Paradise Stakes,3年目 6月後半,3,6,後半,シニア,OP,東京,芝,1400,短距離,左,,,https://img.gamewith.jp/article_tools/uma-musume/gacha/i_race289.png
三宮ステークス,Sannomiya Stakes,3年目 6月後半,3,6,後半,シニア,OP,阪神,ダート,1800,マイル,右,,,https://img.gamewith.jp/article_tools/uma-musume/gacha/i_race290.png
宝塚記念,Takarazuka Kinen,3年目 6月後半,3,6,後半,シニア,G1,阪神,芝,2200,中距離,右,内,,https://img.gamewith.jp/article_tools/uma-musume/gacha/i_race291.png
函館スプリントステークス,Hakodate Sprint Stakes,3年目 6月後半,3,6,後半,シニア,G3,函館,芝,1200,短距離,右,,,https://img.gamewith.jp/article_tools/uma-musume/gacha/i_race292.png
CBC賞,CBC Sho,3年目 7月前半,3,7,前半,シニア,G3,中京,芝,1200,短距離,左,,,https://img.gamewith.jp/article_tools/uma-musume/gacha/i_race293.png
プロキオンステークス,Procyon Stakes,3年目 7月前半,3,7,前半,シニア,G3,中京,ダート,1400,短距離,左,,,https://img.gamewith.jp/article_tools/uma-musume/gacha/i_race294.png
七夕賞,Tanabata Sho,3年目 7月前半,3,7,前半,シニア,G3,福島,芝,2000,中距離,右,,,https://img.gamewith.jp/article_tools/uma-musume/gacha/i_race295.png
函館記念,Hakodate Kinen,3年目 7月前半,3,7,前半,シニア,G3,函館,芝,2000,中距離,右,,,https://img.gamewith.jp/article_tools/uma-musume/gacha/i_race296.png
巴賞,Tomoe Sho,3年目 7月前半,3,7,前半,シニア,OP,函館,芝,1800,マイル,右,,,https://img.gamewith.jp/article_tools/uma-musume/gacha/i_race297.png
マリーンステークス,Marine Stakes,3年目 7月前半,3,7,前半,シニア,OP,函館,ダート,1700,マイル,右,,,https://img.gamewith.jp/article_tools/uma-musume/gacha/i_race298.png
名鉄杯,Meitetsu Hai,3年目 7月前半,3,7,前半,シニア,OP,中京,ダート,1800,マイル,左,,,https://img.gamewith.jp/article_tools/uma-musume/gacha/i_race299.png
中京記念,Chukyo Kinen,3年目 7月後半,3,7,後半,シニア,G3,中京,芝,1600,マイル,左,,,https://img.gamewith.jp/article_tools/uma-musume/gacha/i_race300.png
アイビスサマーダッシュ,Ibis Summer Dash,3年目 7月後半,3,7,後半,シニア,G3,新潟,芝,1000,短距離,直,線,,https://img.gamewith.jp/article_tools/uma-musume/gacha/i_race301.png
クイーンステークス,Queen Stakes,3年目 7月後半,3,7,後半,シニア,G3,札幌,芝,1800,マイル,右,,,https://img.gamewith.jp/article_tools/uma-musume/gacha/i_race302.png
福島テレビオープン,Fukushima Television Open,3年目 7月後半,3,7,後半,シニア,OP,福島,芝,1200,短距離,右,,,https://img.gamewith.jp/article_tools/uma-musume/gacha/i_race303.png
小倉記念,Kokura Kinen,3年目 8月前半,3,8,前半,シニア,G3,小倉,芝,2000,中距離,右,,,https://img.gamewith.jp/article_tools/uma-musume/gacha/i_race304.png
関屋記念,Sekiya Kinen,3年目 8月前半,3,8,前半,シニア,G3,新潟,芝,1600,マイル,左,外,,https://img.gamewith.jp/article_tools/uma-musume/gacha/i_race305.png
エルムステークス,Elm Stakes,3年目 8月前半,3,8,前半,シニア,G3,札幌,ダート,1700,マイル,右,,,https://img.gamewith.jp/article_tools/uma-musume/gacha/i_race306.png
札幌日経オープン,Sapporo Nikkei Open,3年目 8月前半,3,8,前半,シニア,OP,札幌,芝,2600,長距離,右,,,https://img.gamewith.jp/article_tools/uma-musume/gacha/i_race307.png
UHB賞,UHB Sho,3年目 8月前半,3,8,前半,シニア,OP,札幌,芝,1200,短距離,右,,,https://img.gamewith.jp/article_tools/uma-musume/gacha/i_race308.png
阿蘇ステークス,Aso Stakes,3年目 8月前半,3,8,前半,シニア,OP,小倉,ダート,1700,マイル,右,,,https://img.gamewith.jp/article_tools/uma-musume/gacha/i_race309.png
関越ステークス,Kan'etsu Stakes,3年目 8月前半,3,8,前半,シニア,OP,新潟,芝,1800,マイル,左,外,,https://img.gamewith.jp/article_tools/uma-musume/gacha/i_race310.png
札幌記念,Sapporo Kinen,3年目 8月後半,3,8,後半,シニア,G2,札幌,芝,2000,中距離,右,,,https://img.gamewith.jp/article_tools/uma-musume/gacha/i_race311.png
北九州記念,Kitakyushu Kinen,3年目 8月後半,3,8,後半,シニア,G3,小倉,芝,1200,短距離,右,,,https://img.gamewith.jp/article_tools/uma-musume/gacha/i_race312.png
キーンランドカップ,Keeneland Cup,3年目 8月後半,3,8,後半,シニア,G3,札幌,芝,1200,短距離,右,,,https://img.gamewith.jp/article_tools/uma-musume/gacha/i_race313.png
クラスターカップ,Cluster Cup,,3,8,後半,シニア,G3,盛岡,ダート,1200,短距離,左,,,https://img.gamewith.jp/article_tools/uma-musume/gacha/i_race396.png
NST賞,NST Sho,3年目 8月後半,3,8,後半,シニア,OP,新潟,ダート,1200,短距離,左,,,https://img.gamewith.jp/article_tools/uma-musume/gacha/i_race314.png
BSN賞,BSN Sho,3年目 8月後半,3,8,後半,シニア,OP,新潟,ダート,1800,マイル,左,,,https://img.gamewith.jp/article_tools/uma-musume/gacha/i_race315.png
小倉日経オープン,Kokura Nikkei Open,3年目 8月後半,3,8,後半,シニア,OP,小倉,芝,1800,マイル,右,,,https://img.gamewith.jp/article_tools/uma-musume/gacha/i_race316.png
朱鷺ステークス,Toki Stakes,3年目 8月後半,3,8,後半,シニア,OP,新潟,芝,1400,短距離,左,内,,https://img.gamewith.jp/article_tools/uma-musume/gacha/i_race317.png
セントウルステークス,Centaur Stakes,3年目 9月前半,3,9,前半,シニア,G2,阪神,芝,1200,短距離,右,内,,https://img.gamewith.jp/article_tools/uma-musume/gacha/i_race318.png
新潟記念,Niigata Kinen,3年目 9月前半,3,9,前半,シニア,G3,新潟,芝,2000,中距離,左,外,,https://img.gamewith.jp/article_tools/uma-musume/gacha/i_race319.png
京成杯オータムハンデキャップ,Keisei Hai Autumn Handicap,3年目 9月前半,3,9,前半,シニア,G3,中山,芝,1600,マイル,右,外,,https://img.gamewith.jp/article_tools/uma-musume/gacha/i_race320.png
丹頂ステークス,Tancho Stakes,3年目 9月前半,3,9,前半,シニア,OP,札幌,芝,2600,長距離,右,,,https://img.gamewith.jp/article_tools/uma-musume/gacha/i_race321.png
エニフステークス,Enif Stakes,3年目 9月前半,3,9,前半,シニア,OP,阪神,ダート,1400,短距離,右,,,https://img.gamewith.jp/article_tools/uma-musume/gacha/i_race322.png
ラジオ日本賞,Radio Nippon Sho,3年目 9月前半,3,9,前半,シニア,OP,中山,ダート,1800,マイル,右,,,https://img.gamewith.jp/article_tools/uma-musume/gacha/i_race323.png
オールカマー,All Comers,3年目 9月後半,3,9,後半,シニア,G2,中山,芝,2200,中距離,右,外,,https://img.gamewith.jp/article_tools/uma-musume/gacha/i_race324.png
シリウスステークス,Sirius Stakes,3年目 9月後半,3,9,後半,シニア,G3,阪神,ダート,2000,中距離,右,,,https://img.gamewith.jp/article_tools/uma-musume/gacha/i_race325.png
ポートアイランドステークス,Port Island Stakes,3年目 9月後半,3,9,後半,シニア,OP,阪神,芝,1600,マイル,右,外,,https://img.gamewith.jp/article_tools/uma-musume/gacha/i_race326.png
ながつきステークス,Nagatsuki Stakes,3年目 9月後半,3,9,後半,シニア,OP,中山,ダート,1200,短距離,右,,,https://img.gamewith.jp/article_tools/uma-musume/gacha/i_race327.png
スプリンターズS,Sprinters Stakes,3年目 9月後半,3,9,後半,シニア,G1,中山,芝,1200,短距離,右,外,,https://img.gamewith.jp/article_tools/uma-musume/gacha/i_race328.png
毎日王冠,Mainichi Okan,3年目 10月前半,3,10,前半,シニア,G2,東京,芝,1800,マイル,左,,,https://img.gamewith.jp/article_tools/uma-musume/gacha/i_race329.png
京都大賞典,Kyoto University Shoten,3年目 10月前半,3,10,前半,シニア,G2,京都,芝,2400,中距離,右,外,,https://img.gamewith.jp/article_tools/uma-musume/gacha/i_race330.png
府中ウマ娘ステークス,Fuchu Umamusume Stakes,3年目 10月前半,3,10,前半,シニア,G2,東京,芝,1800,マイル,左,,,https://img.gamewith.jp/article_tools/uma-musume/gacha/i_race331.png
オパールステークス,Opal Stakes,3年目 10月前半,3,10,前半,シニア,OP,京都,芝,1200,短距離,右,内,,https://img.gamewith.jp/article_tools/uma-musume/gacha/i_race332.png
グリーンチャンネルカップ,Green Channel Cup,3年目 10月前半,3,10,前半,シニア,OP,東京,ダート,1400,短距離,左,,,https://img.gamewith.jp/article_tools/uma-musume/gacha/i_race333.png
オクトーバーステークス,October Stakes,3年目 10月前半,3,10,前半,シニア,OP,東京,芝,2000,中距離,左,,,https://img.gamewith.jp/article_tools/uma-musume/gacha/i_race334.png
信越ステークス,Shinetsu Stakes,3年目 10月前半,3,10,前半,シニア,OP,新潟,芝,1400,短距離,左,内,,https://img.gamewith.jp/article_tools/uma-musume/gacha/i_race335.png
太秦ステークス,Uzumasa Stakes,3年目 10月前半,3,10,前半,シニア,OP,京都,ダート,1800,マイル,右,,,https://img.gamewith.jp/article_tools/uma-musume/gacha/i_race336.png
スワンステークス,Swan Stakes,3年目 10月後半,3,10,後半,シニア,G2,京都,芝,1400,短距離,右,外,,https://img.gamewith.jp/article_tools/uma-musume/gacha/i_race337.png
富士ステークス,Fuji Stakes,3年目 10月後半,3,10,後半,シニア,G2,東京,芝,1600,マイル,左,,,https://img.gamewith.jp/article_tools/uma-musume/gacha/i_race338.png
室町ステークス,Muromachi Stakes,3年目 10月後半,3,10,後半,シニア,OP,京都,ダート,1200,短距離,右,,,https://img.gamewith.jp/article_tools/uma-musume/gacha/i_race339.png
ブラジルカップ,Brazil Cup,3年目 10月後半,3,10,後半,シニア,OP,東京,ダート,2100,中距離,左,,,https://img.gamewith.jp/article_tools/uma-musume/gacha/i_race340.png
カシオペアステークス,Cassiopeia Stakes,3年目 10月後半,3,10,後半,シニア,OP,京都,芝,1800,マイル,右,外,,https://img.gamewith.jp/article_tools/uma-musume/gacha/i_race341.png
ルミエールオータムダッシュ,Lumiere Autumn Dash,3年目 10月後半,3,10,後半,シニア,OP,新潟,芝,1000,短距離,直,線,,https://img.gamewith.jp/article_tools/uma-musume/gacha/i_race342.png
天皇賞（秋）,Tenno Sho (Autumn),3年目 10月後半,3,10,後半,シニア,G1,東京,芝,2000,中距離,左,,,https://img.gamewith.jp/article_tools/uma-musume/gacha/i_race343.png
アルゼンチン共和国杯,Argentina Republic Cup,3年目 11月前半,3,11,前半,シニア,G2,東京,芝,2500,長距離,左,,,https://img.gamewith.jp/article_tools/uma-musume/gacha/i_race344.png
みやこステークス,Miyako Stakes,3年目 11月前半,3,11,前半,シニア,G3,京都,ダート,1800,マイル,右,,,https://img.gamewith.jp/article_tools/uma-musume/gacha/i_race345.png
武蔵野ステークス,Musashino Stakes,3年目 11月前半,3,11,前半,シニア,G3,東京,ダート,1600,マイル,左,,,https://img.gamewith.jp/article_tools/uma-musume/gacha/i_race346.png
福島記念,Fukushima Kinen,3年目 11月前半,3,11,前半,シニア,G3,福島,芝,2000,中距離,右,,,https://img.gamewith.jp/article_tools/uma-musume/gacha/i_race347.png
オーロカップ,Oro Cup,3年目 11月前半,3,11,前半,シニア,OP,東京,芝,1400,短距離,左,,,https://img.gamewith.jp/article_tools/uma-musume/gacha/i_race348.png
エリザベス女王杯,Queen Elizabeth II Cup,3年目 11月前半,3,11,前半,シニア,G1,京都,芝,2200,中距離,右,外,,https://img.gamewith.jp/article_tools/uma-musume/gacha/i_race349.png
JBCレディスクラシック,JBC Ladies Classic,3年目 11月前半,3,11,前半,シニア,G1,大井,ダート,1800,マイル,右,,,https://img.gamewith.jp/article_tools/uma-musume/gacha/i_race350.png
JBCスプリント,JBC Sprint,3年目 11月前半,3,11,前半,シニア,G1,大井,ダート,1200,短距離,右,,,https://img.gamewith.jp/article_tools/uma-musume/gacha/i_race351.png
JBCクラシック,JBC Classic,3年目 11月前半,3,11,前半,シニア,G1,大井,ダート,2000,中距離,右,,,https://img.gamewith.jp/article_tools/uma-musume/gacha/i_race352.png
京阪杯,Keihan Cup,3年目 11月後半,3,11,後半,シニア,G3,京都,芝,1200,短距離,右,内,,https://img.gamewith.jp/article_tools/uma-musume/gacha/i_race353.png
アンドロメダステークス,Andromeda Stakes,3年目 11月後半,3,11,後半,シニア,OP,京都,芝,2000,中距離,右,内,,https://img.gamewith.jp/article_tools/uma-musume/gacha/i_race354.png
霜月ステークス,Shimotsuki Stakes,3年目 11月後半,3,11,後半,シニア,OP,東京,ダート,1400,短距離,左,,,https://img.gamewith.jp/article_tools/uma-musume/gacha/i_race355.png
福島民友カップ,Fukushima Minyu Cup,3年目 11月後半,3,11,後半,シニア,OP,福島,ダート,1700,マイル,右,,,https://img.gamewith.jp/article_tools/uma-musume/gacha/i_race356.png
キャピタルステークス,Capital Stakes,3年目 11月後半,3,11,後半,シニア,OP,東京,芝,1600,マイル,左,,,https://img.gamewith.jp/article_tools/uma-musume/gacha/i_race357.png
オータムリーフステークス,Autumn Leaf Stakes,3年目 11月後半,3,11,後半,シニア,OP,京都,ダート,1200,短距離,右,,,https://img.gamewith.jp/article_tools/uma-musume/gacha/i_race358.png
マイルCS,Mile Championship,3年目 11月後半,3,11,後半,シニア,G1,京都,芝,1600,マイル,右,外,,https://img.gamewith.jp/article_tools/uma-musume/gacha/i_race359.png
ジャパンC,Japan Cup,3年目 11月後半,3,11,後半,シニア,G1,東京,芝,2400,中距離,左,,,https://img.gamewith.jp/article_tools/uma-musume/gacha/i_race360.png
ステイヤーズステークス,Stayers' Stakes,3年目 12月前半,3,12,前半,シニア,G2,中山,芝,3600,長距離,右,内,,https://img.gamewith.jp/article_tools/uma-musume/gacha/i_race361.png
チャレンジカップ,Challenge Cup,3年目 12月前半,3,12,前半,シニア,G3,阪神,芝,2000,中距離,右,内,,https://img.gamewith.jp/article_tools/uma-musume/gacha/i_race362.png
中日新聞杯,Chunichi Shimbun Hai,3年目 12月前半,3,12,前半,シニア,G3,中京,芝,2000,中距離,左,,,https://img.gamewith.jp/article_tools/uma-musume/gacha/i_race363.png
カペラステークス,Capella Stakes,3年目 12月前半,3,12,前半,シニア,G3,中山,ダート,1200,短距離,右,,,https://img.gamewith.jp/article_tools/uma-musume/gacha/i_race364.png
ターコイズステークス,Turquoise Stakes,3年目 12月前半,3,12,前半,シニア,G3,中山,芝,1600,マイル,右,外,,https://img.gamewith.jp/article_tools/uma-musume/gacha/i_race365.png
ラピスラズリステークス,Lapis Lazuli Stakes,3年目 12月前半,3,12,前半,シニア,OP,中山,芝,1200,短距離,右,外,,https://img.gamewith.jp/article_tools/uma-musume/gacha/i_race366.png
師走ステークス,Shiwasu Stakes,3年目 12月前半,3,12,前半,シニア,OP,中山,ダート,1800,マイル,右,,,https://img.gamewith.jp/article_tools/uma-musume/gacha/i_race367.png
リゲルステークス,Rigel Stakes,3年目 12月前半,3,12,前半,シニア,OP,阪神,芝,1600,マイル,右,外,,https://img.gamewith.jp/article_tools/uma-musume/gacha/i_race368.png
タンザナイトステークス,Tanzanite Stakes,3年目 12月前半,3,12,前半,シニア,OP,阪神,芝,1200,短距離,右,内,,https://img.gamewith.jp/article_tools/uma-musume/gacha/i_race369.png
ディセンバーステークス,December Stakes,3年目 12月前半,3,12,前半,シニア,OP,中山,芝,1800,マイル,右,内,,https://img.gamewith.jp/article_tools/uma-musume/gacha/i_race370.png
チャンピオンズC,Champions Cup,3年目 12月前半,3,12,前半,シニア,G1,中京,ダート,1800,マイル,左,,,https://img.gamewith.jp/article_tools/uma-musume/gacha/i_race371.png
阪神カップ,Hanshin Cup,3年目 12月後半,3,12,後半,シニア,G2,阪神,芝,1400,短距離,右,内,,https://img.gamewith.jp/article_tools/uma-musume/gacha/i_race372.png
ギャラクシーステークス,Galaxy Stakes,3年目 12月後半,3,12,後半,シニア,OP,阪神,ダート,1400,短距離,右,,,https://img.gamewith.jp/article_tools/uma-musume/gacha/i_race373.png
ベテルギウスステークス,Betelgeuse Stakes,3年目 12月後半,3,12,後半,シニア,OP,阪神,ダート,1800,マイル,右,,,https://img.gamewith.jp/article_tools/uma-musume/gacha/i_race374.png
有馬記念,Arima Kinen,3年目 12月後半,3,12,後半,シニア,G1,中山,芝,2500,長距離,右,内,,https://img.gamewith.jp/article_tools/uma-musume/gacha/i_race375.png
東京大賞典,Tokyo Dai Stakes,3年目 12月後半,3,12,後半,シニア,G1,大井,ダート,2000,中距離,右,,,https://img.gamewith.jp/article_tools/uma-musume/gacha/i_race376.png