Name,En name,Date,Year,Junior,Classic (クラシック),Senior (シニア),Grade,Location,Ground,Distance,Distance category,Direction,Inner or outer,Image,Image Link
中京ジュニアステークス,Chukyo Junior Stakes,7月後半,1年目,ジュニア,,,OP,中京,芝,1600m,マイル,左,,,https://img.gamewith.jp/article_tools/uma-musume/gacha/i_race1.png
函館ジュニアステークス,Hakodate Junior Stakes,7月後半,1年目,ジュニア,,,G3,函館,芝,1200m,短距離,右,,,https://img.gamewith.jp/article_tools/uma-musume/gacha/i_race2.png
コスモス賞,Cosmos Sho,8月前半,1年目,ジュニア,,,OP,札幌,芝,1800m,マイル,右,,,https://img.gamewith.jp/article_tools/uma-musume/gacha/i_race3.png
フェニックス賞,Phoenix Sho,8月前半,1年目,ジュニア,,,OP,小倉,芝,1200m,短距離,右,,,https://img.gamewith.jp/article_tools/uma-musume/gacha/i_race4.png
ダリア賞,Dahlia Sho,8月前半,1年目,ジュニア,,,OP,新潟,芝,1400m,短距離,左,内,,https://img.gamewith.jp/article_tools/uma-musume/gacha/i_race5.png
クローバー賞,Clover Sho,8月後半,1年目,ジュニア,,,OP,札幌,芝,1500m,マイル,右,,,https://img.gamewith.jp/article_tools/uma-musume/gacha/i_race6.png
新潟ジュニアステークス,Niigata Junior Stakes,8月後半,1年目,ジュニア,,,G3,新潟,芝,1600m,マイル,左,外,,https://img.gamewith.jp/article_tools/uma-musume/gacha/i_race7.png
野路菊ステークス,Nojigiku Stakes,9月前半,1年目,ジュニア,,,OP,阪神,芝,1800m,マイル,右,外,,https://img.gamewith.jp/article_tools/uma-musume/gacha/i_race8.png
札幌ジュニアステークス,Sapporo Junior Stakes,9月前半,1年目,ジュニア,,,G3,札幌,芝,1800m,マイル,右,,,https://img.gamewith.jp/article_tools/uma-musume/gacha/i_race9.png
小倉ジュニアステークス,Kokura Junior Stakes,9月前半,1年目,ジュニア,,,G3,小倉,芝,1200m,短距離,右,,,https://img.gamewith.jp/article_tools/uma-musume/gacha/i_race10.png
すずらん賞,Suzuran Sho,9月前半,1年目,ジュニア,,,OP,札幌,芝,1200m,短距離,右,,,https://img.gamewith.jp/article_tools/uma-musume/gacha/i_race11.png
アスター賞,Aster Sho,9月前半,1年目,ジュニア,,,Pre-OP,中山,芝,1600m,マイル,右,外,,https://img.gamewith.jp/article_tools/uma-musume/gacha/i_race12.png
芙蓉ステークス,Fuyo Stakes,9月後半,1年目,ジュニア,,,OP,中山,芝,2000m,中距離,右,内,,https://img.gamewith.jp/article_tools/uma-musume/gacha/i_race13.png
ききょうステークス,Kikyo Stakes,9月後半,1年目,ジュニア,,,OP,阪神,芝,1400m,短距離,右,内,,https://img.gamewith.jp/article_tools/uma-musume/gacha/i_race14.png
カンナステークス,Kanna Stakes,9月後半,1年目,ジュニア,,,OP,中山,芝,1200m,短距離,右,外,,https://img.gamewith.jp/article_tools/uma-musume/gacha/i_race15.png
サフラン賞,Saffron Sho,9月後半,1年目,ジュニア,,,Pre-OP,中山,芝,1600m,マイル,右,外,,https://img.gamewith.jp/article_tools/uma-musume/gacha/i_race16.png
紫菊賞,Shigiku Sho,10月前半,1年目,ジュニア,,,Pre-OP,京都,芝,2000m,中距離,右,内,,https://img.gamewith.jp/article_tools/uma-musume/gacha/i_race17.png
サウジアラビアロイヤルカップ,Saudi Arabia Royal Cup,10月前半,1年目,ジュニア,,,G3,東京,芝,1600m,マイル,左,,,https://img.gamewith.jp/article_tools/uma-musume/gacha/i_race18.png
もみじステークス,Momiji Stakes,10月前半,1年目,ジュニア,,,OP,京都,芝,1400m,短距離,右,外,,https://img.gamewith.jp/article_tools/uma-musume/gacha/i_race19.png
りんどう賞,Rindo Sho,10月前半,1年目,ジュニア,,,Pre-OP,京都,芝,1400m,短距離,右,外,,https://img.gamewith.jp/article_tools/uma-musume/gacha/i_race20.png
プラタナス賞,Platanus Sho,10月前半,1年目,ジュニア,,,Pre-OP,東京,ダート,1600m,マイル,左,,,https://img.gamewith.jp/article_tools/uma-musume/gacha/i_race21.png
萩ステークス,Hagi Stakes,10月後半,1年目,ジュニア,,,OP,京都,芝,1800m,マイル,右,外,,https://img.gamewith.jp/article_tools/uma-musume/gacha/i_race22.png
アルテミスステークス,Artemis Stakes,10月後半,1年目,ジュニア,,,G3,東京,芝,1600m,マイル,左,,,https://img.gamewith.jp/article_tools/uma-musume/gacha/i_race23.png
アイビーステークス,Ivy Stakes,10月後半,1年目,ジュニア,,,OP,東京,芝,1800m,マイル,左,,,https://img.gamewith.jp/article_tools/uma-musume/gacha/i_race24.png
なでしこ賞,Nadeshiko Sho,10月後半,1年目,ジュニア,,,Pre-OP,京都,ダート,1400m,短距離,右,,,https://img.gamewith.jp/article_tools/uma-musume/gacha/i_race25.png
黄菊賞,Kigiku Sho,11月前半,1年目,ジュニア,,,Pre-OP,京都,芝,2000m,中距離,右,内,,https://img.gamewith.jp/article_tools/uma-musume/gacha/i_race26.png
京王杯ジュニアステークス,Keio Hai Junior Stakes,11月前半,1年目,ジュニア,,,G2,東京,芝,1400m,短距離,左,,,https://img.gamewith.jp/article_tools/uma-musume/gacha/i_race27.png
デイリー杯ジュニアステークス,Daily Hai Junior Stakes,11月前半,1年目,ジュニア,,,G2,京都,芝,1600m,マイル,右,外,,https://img.gamewith.jp/article_tools/uma-musume/gacha/i_race28.png
ファンタジーステークス,Fantasy Stakes,11月前半,1年目,ジュニア,,,G3,京都,芝,1400m,短距離,右,外,,https://img.gamewith.jp/article_tools/uma-musume/gacha/i_race29.png
福島ジュニアステークス,Fukushima Junior Stakes,11月前半,1年目,ジュニア,,,OP,福島,芝,1200m,短距離,右,,,https://img.gamewith.jp/article_tools/uma-musume/gacha/i_race30.png
百日草特別,Zinnia Tokubetsu,11月前半,1年目,ジュニア,,,Pre-OP,東京,芝,2000m,中距離,左,,,https://img.gamewith.jp/article_tools/uma-musume/gacha/i_race31.png
きんもくせい特別,Amanita Tokubetsu,11月前半,1年目,ジュニア,,,Pre-OP,福島,芝,1800m,マイル,右,,,https://img.gamewith.jp/article_tools/uma-musume/gacha/i_race32.png
オキザリス賞,Oxalis Sho,11月前半,1年目,ジュニア,,,Pre-OP,東京,ダート,1400m,短距離,左,,,https://img.gamewith.jp/article_tools/uma-musume/gacha/i_race33.png
こうやまき賞,Koyamaki Sho,11月後半,1年目,ジュニア,,,Pre-OP,中京,芝,1600m,マイル,左,,,https://img.gamewith.jp/article_tools/uma-musume/gacha/i_race34.png
東京スポーツ杯ジュニアステークス,Tokyo Sports Cup Junior Stakes,11月後半,1年目,ジュニア,,,G3,東京,芝,1800m,マイル,左,,,https://img.gamewith.jp/article_tools/uma-musume/gacha/i_race35.png
京都ジュニアステークス,Kyoto Junior Stakes,11月後半,1年目,ジュニア,,,G3,京都,芝,2000m,中距離,右,内,,https://img.gamewith.jp/article_tools/uma-musume/gacha/i_race36.png
もちの木賞,Mochinoki Sho,11月後半,1年目,ジュニア,,,Pre-OP,京都,ダート,1800m,マイル,右,,,https://img.gamewith.jp/article_tools/uma-musume/gacha/i_race37.png
赤松賞,Akamatsu Sho,11月後半,1年目,ジュニア,,,Pre-OP,東京,芝,1600m,マイル,左,,,https://img.gamewith.jp/article_tools/uma-musume/gacha/i_race38.png
秋明菊賞,Shumeigiku Sho,11月後半,1年目,ジュニア,,,Pre-OP,京都,芝,1400m,短距離,右,外,,https://img.gamewith.jp/article_tools/uma-musume/gacha/i_race39.png
カトレア賞,Cattleya Sho,11月後半,1年目,ジュニア,,,Pre-OP,東京,ダート,1600m,マイル,左,,,https://img.gamewith.jp/article_tools/uma-musume/gacha/i_race40.png
ベゴニア賞,Begonia Sho,11月後半,1年目,ジュニア,,,Pre-OP,東京,芝,1600m,マイル,左,,,https://img.gamewith.jp/article_tools/uma-musume/gacha/i_race41.png
白菊賞,Shiragiku Sho,11月後半,1年目,ジュニア,,,Pre-OP,京都,芝,1600m,マイル,右,外,,https://img.gamewith.jp/article_tools/uma-musume/gacha/i_race42.png
葉牡丹賞,Habotan Sho,11月後半,1年目,ジュニア,,,Pre-OP,中山,芝,2000m,中距離,右,内,,https://img.gamewith.jp/article_tools/uma-musume/gacha/i_race43.png
ひいらぎ賞,Hiiragi Sho,12月前半,1年目,ジュニア,,,Pre-OP,中山,芝,1600m,マイル,右,外,,https://img.gamewith.jp/article_tools/uma-musume/gacha/i_race44.png
万両賞,Manryo Sho,12月前半,1年目,ジュニア,,,Pre-OP,阪神,芝,1400m,短距離,右,内,,https://img.gamewith.jp/article_tools/uma-musume/gacha/i_race45.png
黒松賞,Kuromatsu Sho,12月前半,1年目,ジュニア,,,Pre-OP,中山,芝,1200m,短距離,右,外,,https://img.gamewith.jp/article_tools/uma-musume/gacha/i_race46.png
エリカ賞,Erika Sho,12月前半,1年目,ジュニア,,,Pre-OP,阪神,芝,2000m,中距離,右,内,,https://img.gamewith.jp/article_tools/uma-musume/gacha/i_race47.png
つわぶき賞,Tsuwabuki Sho,12月前半,1年目,ジュニア,,,Pre-OP,中京,芝,1400m,短距離,左,,,https://img.gamewith.jp/article_tools/uma-musume/gacha/i_race48.png
さざんか賞,Sazanka Sho,12月前半,1年目,ジュニア,,,Pre-OP,阪神,芝,1200m,短距離,右,内,,https://img.gamewith.jp/article_tools/uma-musume/gacha/i_race49.png
寒椿賞,Sam Tsubaki Sho,12月前半,1年目,ジュニア,,,Pre-OP,中京,ダート,1400m,短距離,左,,,https://img.gamewith.jp/article_tools/uma-musume/gacha/i_race50.png
阪神ジュベナイルフィリーズ,Hanshin Juvenile Fillies,12月前半,1年目,ジュニア,,,G1,阪神,芝,1600m,マイル,右,外,,https://img.gamewith.jp/article_tools/uma-musume/gacha/i_race51.png
朝日杯フューチュリティステークス,Asahi Hai Futurity Stakes,12月前半,1年目,ジュニア,,,G1,阪神,芝,1600m,マイル,右,外,,https://img.gamewith.jp/article_tools/uma-musume/gacha/i_race52.png
千両賞,Senryo Sho,12月後半,1年目,ジュニア,,,Pre-OP,阪神,芝,1600m,マイル,右,外,,https://img.gamewith.jp/article_tools/uma-musume/gacha/i_race53.png
クリスマスローズステークス,Christmas Rose Stakes,12月後半,1年目,ジュニア,,,OP,中山,芝,1200m,短距離,右,外,,https://img.gamewith.jp/article_tools/uma-musume/gacha/i_race54.png
ホープフルステークス,Hopeful Stakes,12月後半,1年目,ジュニア,,,G1,中山,芝,2000m,中距離,右,内,,https://img.gamewith.jp/article_tools/uma-musume/gacha/i_race55.png
フェアリーステークス,Fairy Stakes,1月前半,2年目,,クラシック,,G3,中山,芝,1600m,マイル,右,外,,https://img.gamewith.jp/article_tools/uma-musume/gacha/i_race56.png
ジュニアカップ,Junior Cup,1月前半,2年目,,クラシック,,OP,中山,芝,1600m,マイル,右,外,,https://img.gamewith.jp/article_tools/uma-musume/gacha/i_race57.png
紅梅ステークス,Koubai Stakes,1月前半,2年目,,クラシック,,OP,京都,芝,1400m,短距離,右,外,,https://img.gamewith.jp/article_tools/uma-musume/gacha/i_race58.png
シンザン記念,Shinzan Kinen,1月前半,2年目,,クラシック,,G3,京都,芝,1600m,マイル,右,外,,https://img.gamewith.jp/article_tools/uma-musume/gacha/i_race59.png
京成杯,Keisei Hai,1月前半,2年目,,クラシック,,G3,中山,芝,2000m,中距離,右,内,,https://img.gamewith.jp/article_tools/uma-musume/gacha/i_race60.png
若駒ステークス,Wakakoma Stakes,1月後半,2年目,,クラシック,,OP,京都,芝,2000m,中距離,右,内,,https://img.gamewith.jp/article_tools/uma-musume/gacha/i_race61.png
クロッカスステークス,Crocus Stakes,1月後半,2年目,,クラシック,,OP,東京,芝,1400m,短距離,左,,,https://img.gamewith.jp/article_tools/uma-musume/gacha/i_race62.png
クイーンカップ,Queen Cup,2月前半,2年目,,クラシック,,G3,東京,芝,1600m,マイル,左,,,https://img.gamewith.jp/article_tools/uma-musume/gacha/i_race63.png
エルフィンステークス,Elfin Stakes,2月前半,2年目,,クラシック,,OP,京都,芝,1600m,マイル,右,外,,https://img.gamewith.jp/article_tools/uma-musume/gacha/i_race64.png
きさらぎ賞,Kisaragi Sho,2月前半,2年目,,クラシック,,G3,京都,芝,1800m,マイル,右,外,,https://img.gamewith.jp/article_tools/uma-musume/gacha/i_race65.png
共同通信杯,Kyodo News Hai,2月前半,2年目,,クラシック,,G3,東京,芝,1800m,マイル,左,,,https://img.gamewith.jp/article_tools/uma-musume/gacha/i_race66.png
ヒヤシンスステークス,Hyacinth Stakes,2月後半,2年目,,クラシック,,OP,東京,ダート,1600m,マイル,左,,,https://img.gamewith.jp/article_tools/uma-musume/gacha/i_race67.png
すみれステークス,Sumire Stakes,2月後半,2年目,,クラシック,,OP,阪神,芝,2200m,中距離,右,内,,https://img.gamewith.jp/article_tools/uma-musume/gacha/i_race68.png
マーガレットステークス,Margaret Stakes,2月後半,2年目,,クラシック,,OP,阪神,芝,1200m,短距離,右,内,,https://img.gamewith.jp/article_tools/uma-musume/gacha/i_race69.png
アネモネステークス,Anemone Stakes,3月前半,2年目,,クラシック,,OP,中山,芝,1600m,マイル,右,外,,https://img.gamewith.jp/article_tools/uma-musume/gacha/i_race70.png
昇竜ステークス,Shoryu Stakes,3月前半,2年目,,クラシック,,OP,中京,ダート,1400m,短距離,左,,,https://img.gamewith.jp/article_tools/uma-musume/gacha/i_race71.png
弥生賞,Yayoi Sho,3月前半,2年目,,クラシック,,G2,中山,芝,2000m,中距離,右,内,,https://img.gamewith.jp/article_tools/uma-musume/gacha/i_race72.png
フィリーズレビュー,Fillies Review,3月前半,2年目,,クラシック,,G2,阪神,芝,1400m,短距離,右,内,,https://img.gamewith.jp/article_tools/uma-musume/gacha/i_race73.png
チューリップ賞,Tulip Sho,3月前半,2年目,,クラシック,,G2,阪神,芝,1600m,マイル,右,外,,https://img.gamewith.jp/article_tools/uma-musume/gacha/i_race74.png
フラワーカップ,Flower Cup,3月後半,2年目,,クラシック,,G3,中山,芝,1800m,マイル,右,内,,https://img.gamewith.jp/article_tools/uma-musume/gacha/i_race75.png
若葉ステークス,Wakaba Stakes,3月後半,2年目,,クラシック,,OP,阪神,芝,2000m,中距離,右,内,,https://img.gamewith.jp/article_tools/uma-musume/gacha/i_race76.png
スプリングステークス,Spring Stakes,3月後半,2年目,,クラシック,,G2,中山,芝,1800m,マイル,右,内,,https://img.gamewith.jp/article_tools/uma-musume/gacha/i_race77.png
ファルコンステークス,Falcon Stakes,3月後半,2年目,,クラシック,,G3,中京,芝,1400m,短距離,左,,,https://img.gamewith.jp/article_tools/uma-musume/gacha/i_race78.png
毎日杯,Mainichi Hai,3月後半,2年目,,クラシック,,G3,阪神,芝,1800m,マイル,右,外,,https://img.gamewith.jp/article_tools/uma-musume/gacha/i_race79.png
伏竜ステークス,Fukuryu Stakes,4月前半,2年目,,クラシック,,OP,中山,ダート,1800m,マイル,右,,,https://img.gamewith.jp/article_tools/uma-musume/gacha/i_race80.png
忘れな草賞,Wasurenagusa Sho,4月前半,2年目,,クラシック,,OP,阪神,芝,2000m,中距離,右,内,,https://img.gamewith.jp/article_tools/uma-musume/gacha/i_race81.png
桜花賞,Oka Sho,4月前半,2年目,,クラシック,,G1,阪神,芝,1600m,マイル,右,外,,https://img.gamewith.jp/article_tools/uma-musume/gacha/i_race82.png
皐月賞,Satsuki Sho,4月前半,2年目,,クラシック,,G1,中山,芝,2000m,中距離,右,内,,https://img.gamewith.jp/article_tools/uma-musume/gacha/i_race83.png
ニュージーランドトロフィー,New Zealand Trophy,4月前半,2年目,,クラシック,,G2,中山,芝,1600m,マイル,右,外,,https://img.gamewith.jp/article_tools/uma-musume/gacha/i_race84.png
アーリントンカップ,Arlington Cup,4月前半,2年目,,クラシック,,G3,阪神,芝,1600m,マイル,右,外,,https://img.gamewith.jp/article_tools/uma-musume/gacha/i_race85.png
橘ステークス,Tachibana Stakes,4月後半,2年目,,クラシック,,OP,京都,芝,1400m,短距離,右,外,,https://img.gamewith.jp/article_tools/uma-musume/gacha/i_race86.png
端午ステークス,Tango Stakes,4月後半,2年目,,クラシック,,OP,京都,ダート,1400m,短距離,右,,,https://img.gamewith.jp/article_tools/uma-musume/gacha/i_race87.png
スイートピーステークス,Sweet Pea Stakes,4月後半,2年目,,クラシック,,OP,東京,芝,1800m,マイル,左,,,https://img.gamewith.jp/article_tools/uma-musume/gacha/i_race88.png
フローラステークス,Flora Stakes,4月後半,2年目,,クラシック,,G2,東京,芝,2000m,中距離,左,,,https://img.gamewith.jp/article_tools/uma-musume/gacha/i_race89.png
青葉賞,Aoba Sho,4月後半,2年目,,クラシック,,G2,東京,芝,2400m,中距離,左,,,https://img.gamewith.jp/article_tools/uma-musume/gacha/i_race90.png
プリンシパルステークス,Principal Stakes,5月前半,2年目,,クラシック,,OP,東京,芝,2000m,中距離,左,,,https://img.gamewith.jp/article_tools/uma-musume/gacha/i_race91.png
青竜ステークス,Seiryu Stakes,5月前半,2年目,,クラシック,,OP,東京,ダート,1600m,マイル,左,,,https://img.gamewith.jp/article_tools/uma-musume/gacha/i_race92.png
NHKマイルカップ,NHK Mile Cup,5月前半,2年目,,クラシック,,G1,東京,芝,1600m,マイル,左,,,https://img.gamewith.jp/article_tools/uma-musume/gacha/i_race93.png
京都新聞杯,Kyoto Shimbun Hai,5月前半,2年目,,クラシック,,G2,京都,芝,2200m,中距離,右,外,,https://img.gamewith.jp/article_tools/uma-musume/gacha/i_race94.png
鳳雛ステークス,Hosu Stakes,5月後半,2年目,,クラシック,,OP,京都,ダート,1800m,マイル,右,,,https://img.gamewith.jp/article_tools/uma-musume/gacha/i_race95.png
白百合ステークス,Shirayuri Stakes,5月後半,2年目,,クラシック,,OP,京都,芝,1800m,マイル,右,外,,https://img.gamewith.jp/article_tools/uma-musume/gacha/i_race96.png
オークス,Oaks,5月後半,2年目,,クラシック,,G1,東京,芝,2400m,中距離,左,,,https://img.gamewith.jp/article_tools/uma-musume/gacha/i_race97.png
日本ダービー,Japan Derby,5月後半,2年目,,クラシック,,G1,東京,芝,2400m,中距離,左,,,https://img.gamewith.jp/article_tools/uma-musume/gacha/i_race98.png
葵ステークス,Aoi Stakes,5月後半,2年目,,クラシック,,G3,京都,芝,1200m,短距離,右,内,,https://img.gamewith.jp/article_tools/uma-musume/gacha/i_race99.png
天保山ステークス,Tempozan Stakes,6月前半,2年目,,クラシック,,OP,阪神,ダート,1400m,短距離,右,,,https://img.gamewith.jp/article_tools/uma-musume/gacha/i_race100.png
天保山ステークス,Tempozan Stakes,6月前半,3年目,,クラシック,シニア,OP,阪神,ダート,1400m,短距離,右,,,https://img.gamewith.jp/article_tools/uma-musume/gacha/i_race100.png
スレイプニルステークス,Sleipnir Stakes,6月前半,2年目,,クラシック,,OP,東京,ダート,2100m,中距離,左,,,https://img.gamewith.jp/article_tools/uma-musume/gacha/i_race101.png
スレイプニルステークス,Sleipnir Stakes,6月前半,3年目,,クラシック,シニア,OP,東京,ダート,2100m,中距離,左,,,https://img.gamewith.jp/article_tools/uma-musume/gacha/i_race101.png
安田記念,Yasuda Kinen,6月前半,2年目,,クラシック,シニア,G1,東京,芝,1600m,マイル,左,,,https://img.gamewith.jp/article_tools/uma-musume/gacha/i_race102.png
安田記念,Yasuda Kinen,6月前半,3年目,,クラシック,シニア,G1,東京,芝,1600m,マイル,左,,,https://img.gamewith.jp/article_tools/uma-musume/gacha/i_race102.png
鳴尾記念,Naruo Kinen,6月前半,2年目,,クラシック,シニア,G3,阪神,芝,2000m,中距離,右,内,,https://img.gamewith.jp/article_tools/uma-musume/gacha/i_race103.png
鳴尾記念,Naruo Kinen,6月前半,3年目,,クラシック,シニア,G3,阪神,芝,2000m,中距離,右,内,,https://img.gamewith.jp/article_tools/uma-musume/gacha/i_race103.png
マーメイドステークス,Mermaid Stakes,6月前半,2年目,,クラシック,シニア,G3,阪神,芝,2000m,中距離,右,内,,https://img.gamewith.jp/article_tools/uma-musume/gacha/i_race104.png
マーメイドステークス,Mermaid Stakes,6月前半,3年目,,クラシック,シニア,G3,阪神,芝,2000m,中距離,右,内,,https://img.gamewith.jp/article_tools/uma-musume/gacha/i_race104.png
エプソムカップ,Epsom Cup,6月前半,2年目,,クラシック,シニア,G3,東京,芝,1800m,マイル,左,,,https://img.gamewith.jp/article_tools/uma-musume/gacha/i_race105.png
エプソムカップ,Epsom Cup,6月前半,3年目,,クラシック,シニア,G3,東京,芝,1800m,マイル,左,,,https://img.gamewith.jp/article_tools/uma-musume/gacha/i_race105.png
ユニコーンステークス,Unicorn Stakes,6月後半,2年目,,クラシック,,G3,東京,ダート,1600m,マイル,左,,,https://img.gamewith.jp/article_tools/uma-musume/gacha/i_race106.png
アハルテケステークス,Akhal-Teke Stakes,6月後半,2年目,,クラシック,シニア,OP,東京,ダート,1600m,マイル,左,,,https://img.gamewith.jp/article_tools/uma-musume/gacha/i_race107.png
アハルテケステークス,Akhal-Teke Stakes,6月後半,3年目,,クラシック,シニア,OP,東京,ダート,1600m,マイル,左,,,https://img.gamewith.jp/article_tools/uma-musume/gacha/i_race107.png
米子ステークス,Yonago Stakes,6月後半,2年目,,クラシック,シニア,OP,阪神,芝,1600m,マイル,右,外,,https://img.gamewith.jp/article_tools/uma-musume/gacha/i_race108.png
米子ステークス,Yonago Stakes,6月後半,3年目,,クラシック,シニア,OP,阪神,芝,1600m,マイル,右,外,,https://img.gamewith.jp/article_tools/uma-musume/gacha/i_race108.png
大沼ステークス,Onuma Stakes,6月後半,2年目,,クラシック,シニア,OP,函館,ダート,1700m,マイル,右,,,https://img.gamewith.jp/article_tools/uma-musume/gacha/i_race109.png
大沼ステークス,Onuma Stakes,6月後半,3年目,,クラシック,シニア,OP,函館,ダート,1700m,マイル,右,,,https://img.gamewith.jp/article_tools/uma-musume/gacha/i_race109.png
パラダイスステークス,Paradise Stakes,6月後半,2年目,,クラシック,シニア,OP,東京,芝,1400m,短距離,左,,,https://img.gamewith.jp/article_tools/uma-musume/gacha/i_race110.png
パラダイスステークス,Paradise Stakes,6月後半,3年目,,クラシック,シニア,OP,東京,芝,1400m,短距離,左,,,https://img.gamewith.jp/article_tools/uma-musume/gacha/i_race110.png
三宮ステークス,Sannomiya Stakes,6月後半,2年目,,クラシック,シニア,OP,阪神,ダート,1800m,マイル,右,,,https://img.gamewith.jp/article_tools/uma-musume/gacha/i_race111.png
三宮ステークス,Sannomiya Stakes,6月後半,3年目,,クラシック,シニア,OP,阪神,ダート,1800m,マイル,右,,,https://img.gamewith.jp/article_tools/uma-musume/gacha/i_race111.png
宝塚記念,Takarazuka Kinen,6月後半,2年目,,クラシック,シニア,G1,阪神,芝,2200m,中距離,右,内,,https://img.gamewith.jp/article_tools/uma-musume/gacha/i_race112.png
宝塚記念,Takarazuka Kinen,6月後半,3年目,,クラシック,シニア,G1,阪神,芝,2200m,中距離,右,内,,https://img.gamewith.jp/article_tools/uma-musume/gacha/i_race112.png
函館スプリントステークス,Hakodate Sprint Stakes,6月後半,2年目,,クラシック,シニア,G3,函館,芝,1200m,短距離,右,,,https://img.gamewith.jp/article_tools/uma-musume/gacha/i_race113.png
函館スプリントステークス,Hakodate Sprint Stakes,6月後半,3年目,,クラシック,シニア,G3,函館,芝,1200m,短距離,右,,,https://img.gamewith.jp/article_tools/uma-musume/gacha/i_race113.png
CBC賞,CBC Sho,7月前半,2年目,,クラシック,シニア,G3,中京,芝,1200m,短距離,左,,,https://img.gamewith.jp/article_tools/uma-musume/gacha/i_race114.png
CBC賞,CBC Sho,7月前半,3年目,,クラシック,シニア,G3,中京,芝,1200m,短距離,左,,,https://img.gamewith.jp/article_tools/uma-musume/gacha/i_race114.png
プロキオンステークス,Procyon Stakes,7月前半,2年目,,クラシック,シニア,G3,中京,ダート,1400m,短距離,左,,,https://img.gamewith.jp/article_tools/uma-musume/gacha/i_race115.png
プロキオンステークス,Procyon Stakes,7月前半,3年目,,クラシック,シニア,G3,中京,ダート,1400m,短距離,左,,,https://img.gamewith.jp/article_tools/uma-musume/gacha/i_race115.png
七夕賞,Tanabata Sho,7月前半,2年目,,クラシック,シニア,G3,福島,芝,2000m,中距離,右,,,https://img.gamewith.jp/article_tools/uma-musume/gacha/i_race116.png
七夕賞,Tanabata Sho,7月前半,3年目,,クラシック,シニア,G3,福島,芝,2000m,中距離,右,,,https://img.gamewith.jp/article_tools/uma-musume/gacha/i_race116.png
函館記念,Hakodate Kinen,7月前半,2年目,,クラシック,シニア,G3,函館,芝,2000m,中距離,右,,,https://img.gamewith.jp/article_tools/uma-musume/gacha/i_race117.png
函館記念,Hakodate Kinen,7月前半,3年目,,クラシック,シニア,G3,函館,芝,2000m,中距離,右,,,https://img.gamewith.jp/article_tools/uma-musume/gacha/i_race117.png
ラジオNIKKEI賞,Radio Nikkei Sho,7月前半,2年目,,クラシック,,G3,福島,芝,1800m,マイル,右,,,https://img.gamewith.jp/article_tools/uma-musume/gacha/i_race118.png
巴賞,Tomoe Sho,7月前半,2年目,,クラシック,シニア,OP,函館,芝,1800m,マイル,右,,,https://img.gamewith.jp/article_tools/uma-musume/gacha/i_race119.png
巴賞,Tomoe Sho,7月前半,3年目,,クラシック,シニア,OP,函館,芝,1800m,マイル,右,,,https://img.gamewith.jp/article_tools/uma-musume/gacha/i_race119.png
マリーンステークス,Marine Stakes,7月前半,2年目,,クラシック,シニア,OP,函館,ダート,1700m,マイル,右,,,https://img.gamewith.jp/article_tools/uma-musume/gacha/i_race120.png
マリーンステークス,Marine Stakes,7月前半,3年目,,クラシック,シニア,OP,函館,ダート,1700m,マイル,右,,,https://img.gamewith.jp/article_tools/uma-musume/gacha/i_race120.png
名鉄杯,Meitetsu Hai,7月前半,2年目,,クラシック,シニア,OP,中京,ダート,1800m,マイル,左,,,https://img.gamewith.jp/article_tools/uma-musume/gacha/i_race121.png
名鉄杯,Meitetsu Hai,7月前半,3年目,,クラシック,シニア,OP,中京,ダート,1800m,マイル,左,,,https://img.gamewith.jp/article_tools/uma-musume/gacha/i_race121.png
ジャパンダートダービー,Japan Dirt Derby,7月前半,2年目,,クラシック,,G1,大井,ダート,2000m,中距離,右,,,https://img.gamewith.jp/article_tools/uma-musume/gacha/i_race122.png
中京記念,Chukyo Kinen,7月後半,2年目,,クラシック,シニア,G3,中京,芝,1600m,マイル,左,,,https://img.gamewith.jp/article_tools/uma-musume/gacha/i_race123.png
中京記念,Chukyo Kinen,7月後半,3年目,,クラシック,シニア,G3,中京,芝,1600m,マイル,左,,,https://img.gamewith.jp/article_tools/uma-musume/gacha/i_race123.png
アイビスサマーダッシュ,Ibis Summer Dash,7月後半,2年目,,クラシック,シニア,G3,新潟,芝,1000m,短距離,直線,,,https://img.gamewith.jp/article_tools/uma-musume/gacha/i_race124.png
アイビスサマーダッシュ,Ibis Summer Dash,7月後半,3年目,,クラシック,シニア,G3,新潟,芝,1000m,短距離,直線,,,https://img.gamewith.jp/article_tools/uma-musume/gacha/i_race124.png
クイーンステークス,Queen Stakes,7月後半,2年目,,クラシック,シニア,G3,札幌,芝,1800m,マイル,右,,,https://img.gamewith.jp/article_tools/uma-musume/gacha/i_race125.png
クイーンステークス,Queen Stakes,7月後半,3年目,,クラシック,シニア,G3,札幌,芝,1800m,マイル,右,,,https://img.gamewith.jp/article_tools/uma-musume/gacha/i_race125.png
福島テレビオープン,Fukushima Television Open,7月後半,2年目,,クラシック,シニア,OP,福島,芝,1200m,短距離,右,,,https://img.gamewith.jp/article_tools/uma-musume/gacha/i_race126.png
福島テレビオープン,Fukushima Television Open,7月後半,3年目,,クラシック,シニア,OP,福島,芝,1200m,短距離,右,,,https://img.gamewith.jp/article_tools/uma-musume/gacha/i_race126.png
小倉記念,Kokura Kinen,8月前半,2年目,,クラシック,シニア,G3,小倉,芝,2000m,中距離,右,,,https://img.gamewith.jp/article_tools/uma-musume/gacha/i_race127.png
小倉記念,Kokura Kinen,8月前半,3年目,,クラシック,シニア,G3,小倉,芝,2000m,中距離,右,,,https://img.gamewith.jp/article_tools/uma-musume/gacha/i_race127.png
関屋記念,Sekiya Kinen,8月前半,2年目,,クラシック,シニア,G3,新潟,芝,1600m,マイル,左,外,,https://img.gamewith.jp/article_tools/uma-musume/gacha/i_race128.png
関屋記念,Sekiya Kinen,8月前半,3年目,,クラシック,シニア,G3,新潟,芝,1600m,マイル,左,外,,https://img.gamewith.jp/article_tools/uma-musume/gacha/i_race128.png
エルムステークス,Elm Stakes,8月前半,2年目,,クラシック,シニア,G3,札幌,ダート,1700m,マイル,右,,,https://img.gamewith.jp/article_tools/uma-musume/gacha/i_race129.png
エルムステークス,Elm Stakes,8月前半,3年目,,クラシック,シニア,G3,札幌,ダート,1700m,マイル,右,,,https://img.gamewith.jp/article_tools/uma-musume/gacha/i_race129.png
レパードステークス,Leopard Stakes,8月前半,2年目,,クラシック,,G3,新潟,ダート,1800m,マイル,左,,,https://img.gamewith.jp/article_tools/uma-musume/gacha/i_race130.png
札幌日経オープン,Sapporo Nikkei Open,8月前半,2年目,,クラシック,シニア,OP,札幌,芝,2600m,長距離,右,,,https://img.gamewith.jp/article_tools/uma-musume/gacha/i_race131.png
札幌日経オープン,Sapporo Nikkei Open,8月前半,3年目,,クラシック,シニア,OP,札幌,芝,2600m,長距離,右,,,https://img.gamewith.jp/article_tools/uma-musume/gacha/i_race131.png
UHB賞,UHB Sho,8月前半,2年目,,クラシック,シニア,OP,札幌,芝,1200m,短距離,右,,,https://img.gamewith.jp/article_tools/uma-musume/gacha/i_race132.png
UHB賞,UHB Sho,8月前半,3年目,,クラシック,シニア,OP,札幌,芝,1200m,短距離,右,,,https://img.gamewith.jp/article_tools/uma-musume/gacha/i_race132.png
阿蘇ステークス,Aso Stakes,8月前半,2年目,,クラシック,シニア,OP,小倉,ダート,1700m,マイル,右,,,https://img.gamewith.jp/article_tools/uma-musume/gacha/i_race133.png
阿蘇ステークス,Aso Stakes,8月前半,3年目,,クラシック,シニア,OP,小倉,ダート,1700m,マイル,右,,,https://img.gamewith.jp/article_tools/uma-musume/gacha/i_race133.png
関越ステークス,Kan'etsu Stakes,8月前半,2年目,,クラシック,シニア,OP,新潟,芝,1800m,マイル,左,外,,https://img.gamewith.jp/article_tools/uma-musume/gacha/i_race134.png
関越ステークス,Kan'etsu Stakes,8月前半,3年目,,クラシック,シニア,OP,新潟,芝,1800m,マイル,左,外,,https://img.gamewith.jp/article_tools/uma-musume/gacha/i_race134.png
札幌記念,Sapporo Kinen,8月後半,2年目,,クラシック,シニア,G2,札幌,芝,2000m,中距離,右,,,https://img.gamewith.jp/article_tools/uma-musume/gacha/i_race135.png
札幌記念,Sapporo Kinen,8月後半,3年目,,クラシック,シニア,G2,札幌,芝,2000m,中距離,右,,,https://img.gamewith.jp/article_tools/uma-musume/gacha/i_race135.png
北九州記念,Kitakyushu Kinen,8月後半,2年目,,クラシック,シニア,G3,小倉,芝,1200m,短距離,右,,,https://img.gamewith.jp/article_tools/uma-musume/gacha/i_race136.png
北九州記念,Kitakyushu Kinen,8月後半,3年目,,クラシック,シニア,G3,小倉,芝,1200m,短距離,右,,,https://img.gamewith.jp/article_tools/uma-musume/gacha/i_race136.png
キーンランドカップ,Keeneland Cup,8月後半,2年目,,クラシック,シニア,G3,札幌,芝,1200m,短距離,右,,,https://img.gamewith.jp/article_tools/uma-musume/gacha/i_race137.png
キーンランドカップ,Keeneland Cup,8月後半,3年目,,クラシック,シニア,G3,札幌,芝,1200m,短距離,右,,,https://img.gamewith.jp/article_tools/uma-musume/gacha/i_race137.png
NST賞,NST Sho,8月後半,2年目,,クラシック,シニア,OP,新潟,ダート,1200m,短距離,左,,,https://img.gamewith.jp/article_tools/uma-musume/gacha/i_race138.png
NST賞,NST Sho,8月後半,3年目,,クラシック,シニア,OP,新潟,ダート,1200m,短距離,左,,,https://img.gamewith.jp/article_tools/uma-musume/gacha/i_race138.png
BSN賞,BSN Sho,8月後半,2年目,,クラシック,シニア,OP,新潟,ダート,1800m,マイル,左,,,https://img.gamewith.jp/article_tools/uma-musume/gacha/i_race139.png
BSN賞,BSN Sho,8月後半,3年目,,クラシック,シニア,OP,新潟,ダート,1800m,マイル,左,,,https://img.gamewith.jp/article_tools/uma-musume/gacha/i_race139.png
小倉日経オープン,Kokura Nikkei Open,8月後半,2年目,,クラシック,シニア,OP,小倉,芝,1800m,マイル,右,,,https://img.gamewith.jp/article_tools/uma-musume/gacha/i_race140.png
小倉日経オープン,Kokura Nikkei Open,8月後半,3年目,,クラシック,シニア,OP,小倉,芝,1800m,マイル,右,,,https://img.gamewith.jp/article_tools/uma-musume/gacha/i_race140.png
朱鷺ステークス,Toki Stakes,8月後半,2年目,,クラシック,シニア,OP,新潟,芝,1400m,短距離,左,内,,https://img.gamewith.jp/article_tools/uma-musume/gacha/i_race141.png
朱鷺ステークス,Toki Stakes,8月後半,3年目,,クラシック,シニア,OP,新潟,芝,1400m,短距離,左,内,,https://img.gamewith.jp/article_tools/uma-musume/gacha/i_race141.png
セントウルステークス,Centaur Stakes,9月前半,2年目,,クラシック,シニア,G2,阪神,芝,1200m,短距離,右,内,,https://img.gamewith.jp/article_tools/uma-musume/gacha/i_race142.png
セントウルステークス,Centaur Stakes,9月前半,3年目,,クラシック,シニア,G2,阪神,芝,1200m,短距離,右,内,,https://img.gamewith.jp/article_tools/uma-musume/gacha/i_race142.png
ローズステークス,Rose Stakes,9月前半,2年目,,クラシック,,G2,阪神,芝,1800m,マイル,右,外,,https://img.gamewith.jp/article_tools/uma-musume/gacha/i_race143.png
新潟記念,Niigata Kinen,9月前半,2年目,,クラシック,シニア,G3,新潟,芝,2000m,中距離,左,外,,https://img.gamewith.jp/article_tools/uma-musume/gacha/i_race144.png
新潟記念,Niigata Kinen,9月前半,3年目,,クラシック,シニア,G3,新潟,芝,2000m,中距離,左,外,,https://img.gamewith.jp/article_tools/uma-musume/gacha/i_race144.png
京成杯オータムハンデキャップ,Keisei Hai Autumn Handicap,9月前半,2年目,,クラシック,シニア,G3,中山,芝,1600m,マイル,右,外,,https://img.gamewith.jp/article_tools/uma-musume/gacha/i_race145.png
京成杯オータムハンデキャップ,Keisei Hai Autumn Handicap,9月前半,3年目,,クラシック,シニア,G3,中山,芝,1600m,マイル,右,外,,https://img.gamewith.jp/article_tools/uma-musume/gacha/i_race145.png
紫苑ステークス,Shion Stakes,9月前半,2年目,,クラシック,,G3,中山,芝,2000m,中距離,右,内,,https://img.gamewith.jp/article_tools/uma-musume/gacha/i_race146.png
丹頂ステークス,Tancho Stakes,9月前半,2年目,,クラシック,シニア,OP,札幌,芝,2600m,長距離,右,,,https://img.gamewith.jp/article_tools/uma-musume/gacha/i_race147.png
丹頂ステークス,Tancho Stakes,9月前半,3年目,,クラシック,シニア,OP,札幌,芝,2600m,長距離,右,,,https://img.gamewith.jp/article_tools/uma-musume/gacha/i_race147.png
エニフステークス,Enif Stakes,9月前半,2年目,,クラシック,シニア,OP,阪神,ダート,1400m,短距離,右,,,https://img.gamewith.jp/article_tools/uma-musume/gacha/i_race148.png
エニフステークス,Enif Stakes,9月前半,3年目,,クラシック,シニア,OP,阪神,ダート,1400m,短距離,右,,,https://img.gamewith.jp/article_tools/uma-musume/gacha/i_race148.png
ラジオ日本賞,Radio Nippon Sho,9月前半,2年目,,クラシック,シニア,OP,中山,ダート,1800m,マイル,右,,,https://img.gamewith.jp/article_tools/uma-musume/gacha/i_race149.png
ラジオ日本賞,Radio Nippon Sho,9月前半,3年目,,クラシック,シニア,OP,中山,ダート,1800m,マイル,右,,,https://img.gamewith.jp/article_tools/uma-musume/gacha/i_race149.png
神戸新聞杯,Kobe Shimbun Hai,9月後半,2年目,,クラシック,,G2,阪神,芝,2400m,中距離,右,外,,https://img.gamewith.jp/article_tools/uma-musume/gacha/i_race150.png
オールカマー,All Comers,9月後半,2年目,,クラシック,シニア,G2,中山,芝,2200m,中距離,右,外,,https://img.gamewith.jp/article_tools/uma-musume/gacha/i_race151.png
オールカマー,All Comers,9月後半,3年目,,クラシック,シニア,G2,中山,芝,2200m,中距離,右,外,,https://img.gamewith.jp/article_tools/uma-musume/gacha/i_race151.png
セントライト記念,Centaurite Kinen,9月後半,2年目,,クラシック,,G2,中山,芝,2200m,中距離,右,外,,https://img.gamewith.jp/article_tools/uma-musume/gacha/i_race152.png
シリウスステークス,Sirius Stakes,9月後半,2年目,,クラシック,シニア,G3,阪神,ダート,2000m,中距離,右,,,https://img.gamewith.jp/article_tools/uma-musume/gacha/i_race153.png
シリウスステークス,Sirius Stakes,9月後半,3年目,,クラシック,シニア,G3,阪神,ダート,2000m,中距離,右,,,https://img.gamewith.jp/article_tools/uma-musume/gacha/i_race153.png
ポートアイランドステークス,Port Island Stakes,9月後半,2年目,,クラシック,シニア,OP,阪神,芝,1600m,マイル,右,外,,https://img.gamewith.jp/article_tools/uma-musume/gacha/i_race154.png
ポートアイランドステークス,Port Island Stakes,9月後半,3年目,,クラシック,シニア,OP,阪神,芝,1600m,マイル,右,外,,https://img.gamewith.jp/article_tools/uma-musume/gacha/i_race154.png
ながつきステークス,Nagatsuki Stakes,9月後半,2年目,,クラシック,シニア,OP,中山,ダート,1200m,短距離,右,,,https://img.gamewith.jp/article_tools/uma-musume/gacha/i_race155.png
ながつきステークス,Nagatsuki Stakes,9月後半,3年目,,クラシック,シニア,OP,中山,ダート,1200m,短距離,右,,,https://img.gamewith.jp/article_tools/uma-musume/gacha/i_race155.png
スプリンターズステークス,Sprinters Stakes,9月後半,2年目,,クラシック,シニア,G1,中山,芝,1200m,短距離,右,外,,https://img.gamewith.jp/article_tools/uma-musume/gacha/i_race156.png
スプリンターズステークス,Sprinters Stakes,9月後半,3年目,,クラシック,シニア,G1,中山,芝,1200m,短距離,右,外,,https://img.gamewith.jp/article_tools/uma-musume/gacha/i_race156.png
毎日王冠,Mainichi Okan,10月前半,2年目,,クラシック,シニア,G2,東京,芝,1800m,マイル,左,,,https://img.gamewith.jp/article_tools/uma-musume/gacha/i_race157.png
毎日王冠,Mainichi Okan,10月前半,3年目,,クラシック,シニア,G2,東京,芝,1800m,マイル,左,,,https://img.gamewith.jp/article_tools/uma-musume/gacha/i_race157.png
京都大賞典,Kyoto University Shoten,10月前半,2年目,,クラシック,シニア,G2,京都,芝,2400m,中距離,右,外,,https://img.gamewith.jp/article_tools/uma-musume/gacha/i_race158.png
京都大賞典,Kyoto Dai Shoten,10月前半,3年目,,クラシック,シニア,G2,京都,芝,2400m,中距離,右,外,,https://img.gamewith.jp/article_tools/uma-musume/gacha/i_race158.png
府中ウマ娘ステークス,Fuchu Umamusume Stakes,10月前半,2年目,,クラシック,シニア,G2,東京,芝,1800m,マイル,左,,,https://img.gamewith.jp/article_tools/uma-musume/gacha/i_race159.png
府中ウマ娘ステークス,Fuchu Umamusume Stakes,10月前半,3年目,,クラシック,シニア,G2,東京,芝,1800m,マイル,左,,,https://img.gamewith.jp/article_tools/uma-musume/gacha/i_race159.png
オパールステークス,Opal Stakes,10月前半,2年目,,クラシック,シニア,OP,京都,芝,1200m,短距離,右,内,,https://img.gamewith.jp/article_tools/uma-musume/gacha/i_race160.png
オパールステークス,Opal Stakes,10月前半,3年目,,クラシック,シニア,OP,京都,芝,1200m,短距離,右,内,,https://img.gamewith.jp/article_tools/uma-musume/gacha/i_race160.png
グリーンチャンネルカップ,Green Channel Cup,10月前半,2年目,,クラシック,シニア,OP,東京,ダート,1400m,短距離,左,,,https://img.gamewith.jp/article_tools/uma-musume/gacha/i_race161.png
グリーンチャンネルカップ,Green Channel Cup,10月前半,3年目,,クラシック,シニア,OP,東京,ダート,1400m,短距離,左,,,https://img.gamewith.jp/article_tools/uma-musume/gacha/i_race161.png
オクトーバーステークス,October Stakes,10月前半,2年目,,クラシック,シニア,OP,東京,芝,2000m,中距離,左,,,https://img.gamewith.jp/article_tools/uma-musume/gacha/i_race162.png
オクトーバーステークス,October Stakes,10月前半,3年目,,クラシック,シニア,OP,東京,芝,2000m,中距離,左,,,https://img.gamewith.jp/article_tools/uma-musume/gacha/i_race162.png
信越ステークス,Shinetsu Stakes,10月前半,2年目,,クラシック,シニア,OP,新潟,芝,1400m,短距離,左,内,,https://img.gamewith.jp/article_tools/uma-musume/gacha/i_race163.png
信越ステークス,Shinetsu Stakes,10月前半,3年目,,クラシック,シニア,OP,新潟,芝,1400m,短距離,左,内,,https://img.gamewith.jp/article_tools/uma-musume/gacha/i_race163.png
太秦ステークス,Uzumasa Stakes,10月前半,2年目,,クラシック,シニア,OP,京都,ダート,1800m,マイル,右,,,https://img.gamewith.jp/article_tools/uma-musume/gacha/i_race164.png
太秦ステークス,Uzumasa Stakes,10月前半,3年目,,クラシック,シニア,OP,京都,ダート,1800m,マイル,右,,,https://img.gamewith.jp/article_tools/uma-musume/gacha/i_race164.png
スワンステークス,Swan Stakes,10月後半,2年目,,クラシック,シニア,G2,京都,芝,1400m,短距離,右,外,,https://img.gamewith.jp/article_tools/uma-musume/gacha/i_race165.png
スワンステークス,Swan Stakes,10月後半,3年目,,クラシック,シニア,G2,京都,芝,1400m,短距離,右,外,,https://img.gamewith.jp/article_tools/uma-musume/gacha/i_race165.png
富士ステークス,Fuji Stakes,10月後半,2年目,,クラシック,シニア,G2,東京,芝,1600m,マイル,左,,,https://img.gamewith.jp/article_tools/uma-musume/gacha/i_race166.png
富士ステークス,Fuji Stakes,10月後半,3年目,,クラシック,シニア,G2,東京,芝,1600m,マイル,左,,,https://img.gamewith.jp/article_tools/uma-musume/gacha/i_race166.png
室町ステークス,Muromachi Stakes,10月後半,2年目,,クラシック,シニア,OP,京都,ダート,1200m,短距離,右,,,https://img.gamewith.jp/article_tools/uma-musume/gacha/i_race167.png
室町ステークス,Muromachi Stakes,10月後半,3年目,,クラシック,シニア,OP,京都,ダート,1200m,短距離,右,,,https://img.gamewith.jp/article_tools/uma-musume/gacha/i_race167.png
ブラジルカップ,Brazil Cup,10月後半,2年目,,クラシック,シニア,OP,東京,ダート,2100m,中距離,左,,,https://img.gamewith.jp/article_tools/uma-musume/gacha/i_race168.png
ブラジルカップ,Brazil Cup,10月後半,3年目,,クラシック,シニア,OP,東京,ダート,2100m,中距離,左,,,https://img.gamewith.jp/article_tools/uma-musume/gacha/i_race168.png
カシオペアステークス,Cassiopeia Stakes,10月後半,2年目,,クラシック,シニア,OP,京都,芝,1800m,マイル,右,外,,https://img.gamewith.jp/article_tools/uma-musume/gacha/i_race169.png
カシオペアステークス,Cassiopeia Stakes,10月後半,3年目,,クラシック,シニア,OP,京都,芝,1800m,マイル,右,外,,https://img.gamewith.jp/article_tools/uma-musume/gacha/i_race169.png
ルミエールオータムダッシュ,Lumiere Autumn Dash,10月後半,2年目,,クラシック,シニア,OP,新潟,芝,1000m,短距離,直線,,,https://img.gamewith.jp/article_tools/uma-musume/gacha/i_race170.png
ルミエールオータムダッシュ,Lumiere Autumn Dash,10月後半,3年目,,クラシック,シニア,OP,新潟,芝,1000m,短距離,直線,,,https://img.gamewith.jp/article_tools/uma-musume/gacha/i_race170.png
天皇賞（秋）,Tenno Sho (Autumn),10月後半,2年目,,クラシック,シニア,G1,東京,芝,2000m,中距離,左,,,https://img.gamewith.jp/article_tools/uma-musume/gacha/i_race171.png
天皇賞（秋）,Tenno Sho (Autumn),10月後半,3年目,,クラシック,シニア,G1,東京,芝,2000m,中距離,左,,,https://img.gamewith.jp/article_tools/uma-musume/gacha/i_race171.png
秋華賞,Akika Sho,10月後半,2年目,,クラシック,,G1,京都,芝,2000m,中距離,右,内,,https://img.gamewith.jp/article_tools/uma-musume/gacha/i_race172.png
菊花賞,Kikka Sho,10月後半,2年目,,クラシック,,G1,京都,芝,3000m,長距離,右,外,,https://img.gamewith.jp/article_tools/uma-musume/gacha/i_race173.png
アルゼンチン共和国杯,Argentina Republic Cup,11月前半,2年目,,クラシック,シニア,G2,東京,芝,2500m,長距離,左,,,https://img.gamewith.jp/article_tools/uma-musume/gacha/i_race174.png
アルゼンチン共和国杯,Argentine Republic Cup,11月前半,3年目,,クラシック,シニア,G2,東京,芝,2500m,長距離,左,,,https://img.gamewith.jp/article_tools/uma-musume/gacha/i_race174.png
みやこステークス,Miyako Stakes,11月前半,2年目,,クラシック,シニア,G3,京都,ダート,1800m,マイル,右,,,https://img.gamewith.jp/article_tools/uma-musume/gacha/i_race175.png
みやこステークス,Miyako Stakes,11月前半,3年目,,クラシック,シニア,G3,京都,ダート,1800m,マイル,右,,,https://img.gamewith.jp/article_tools/uma-musume/gacha/i_race175.png
武蔵野ステークス,Musashino Stakes,11月前半,2年目,,クラシック,シニア,G3,東京,ダート,1600m,マイル,左,,,https://img.gamewith.jp/article_tools/uma-musume/gacha/i_race176.png
武蔵野ステークス,Musashino Stakes,11月前半,3年目,,クラシック,シニア,G3,東京,ダート,1600m,マイル,左,,,https://img.gamewith.jp/article_tools/uma-musume/gacha/i_race176.png
福島記念,Fukushima Kinen,11月前半,2年目,,クラシック,シニア,G3,福島,芝,2000m,中距離,右,,,https://img.gamewith.jp/article_tools/uma-musume/gacha/i_race177.png
福島記念,Fukushima Kinen,11月前半,3年目,,クラシック,シニア,G3,福島,芝,2000m,中距離,右,,,https://img.gamewith.jp/article_tools/uma-musume/gacha/i_race177.png
オーロカップ,Oro Cup,11月前半,2年目,,クラシック,シニア,OP,東京,芝,1400m,短距離,左,,,https://img.gamewith.jp/article_tools/uma-musume/gacha/i_race178.png
オーロカップ,Ouro Cup,11月前半,3年目,,クラシック,シニア,OP,東京,芝,1400m,短距離,左,,,https://img.gamewith.jp/article_tools/uma-musume/gacha/i_race178.png
エリザベス女王杯,Queen Elizabeth II Cup,11月前半,2年目,,クラシック,シニア,G1,京都,芝,2200m,中距離,右,外,,https://img.gamewith.jp/article_tools/uma-musume/gacha/i_race179.png
エリザベス女王杯,Queen Elizabeth II Cup,11月前半,3年目,,クラシック,シニア,G1,京都,芝,2200m,中距離,右,外,,https://img.gamewith.jp/article_tools/uma-musume/gacha/i_race179.png
JBCレディスクラシック,JBC Ladies Classic,11月前半,2年目,,クラシック,シニア,G1,川崎,ダート,1600m,マイル,左,,,https://img.gamewith.jp/article_tools/uma-musume/gacha/i_race180.png
JBCレディスクラシック,JBC Ladies Classic,11月前半,2年目,,クラシック,シニア,G1,大井,ダート,1800m,マイル,右,,,https://img.gamewith.jp/article_tools/uma-musume/gacha/i_race180.png
JBCレディスクラシック,JBC Ladies Classic,11月前半,3年目,,クラシック,シニア,G1,大井,ダート,1800m,マイル,右,,,https://img.gamewith.jp/article_tools/uma-musume/gacha/i_race180.png
JBCスプリント,JBC Sprint,11月前半,2年目,,クラシック,シニア,G1,川崎,ダート,1400m,短距離,左,,,https://img.gamewith.jp/article_tools/uma-musume/gacha/i_race181.png
JBCスプリント,JBC Sprint,11月前半,2年目,,クラシック,シニア,G1,大井,ダート,1200m,短距離,右,,,https://img.gamewith.jp/article_tools/uma-musume/gacha/i_race181.png
JBCスプリント,JBC Sprint,11月前半,3年目,,クラシック,シニア,G1,大井,ダート,1200m,短距離,右,,,https://img.gamewith.jp/article_tools/uma-musume/gacha/i_race181.png
JBCクラシック,JBC Classic,11月前半,2年目,,クラシック,シニア,G1,川崎,ダート,2100m,中距離,左,,,https://img.gamewith.jp/article_tools/uma-musume/gacha/i_race182.png
JBCクラシック,JBC Classic,11月前半,2年目,,クラシック,シニア,G1,大井,ダート,2000m,中距離,右,,,https://img.gamewith.jp/article_tools/uma-musume/gacha/i_race182.png
JBCクラシック,JBC Classic,11月前半,3年目,,クラシック,シニア,G1,大井,ダート,2000m,中距離,右,,,https://img.gamewith.jp/article_tools/uma-musume/gacha/i_race182.png
京阪杯,Keihan Cup,11月後半,2年目,,クラシック,シニア,G3,京都,芝,1200m,短距離,右,内,,https://img.gamewith.jp/article_tools/uma-musume/gacha/i_race183.png
京阪杯,Keihan Cup,11月後半,3年目,,クラシック,シニア,G3,京都,芝,1200m,短距離,右,内,,https://img.gamewith.jp/article_tools/uma-musume/gacha/i_race183.png
アンドロメダステークス,Andromeda Stakes,11月後半,2年目,,クラシック,シニア,OP,京都,芝,2000m,中距離,右,内,,https://img.gamewith.jp/article_tools/uma-musume/gacha/i_race184.png
アンドロメダステークス,Andromeda Stakes,11月後半,3年目,,クラシック,シニア,OP,京都,芝,2000m,中距離,右,内,,https://img.gamewith.jp/article_tools/uma-musume/gacha/i_race184.png
霜月ステークス,Shimotsuki Stakes,11月後半,2年目,,クラシック,シニア,OP,東京,ダート,1400m,短距離,左,,,https://img.gamewith.jp/article_tools/uma-musume/gacha/i_race185.png
霜月ステークス,Shimotsuki Stakes,11月後半,3年目,,クラシック,シニア,OP,東京,ダート,1400m,短距離,左,,,https://img.gamewith.jp/article_tools/uma-musume/gacha/i_race185.png
福島民友カップ,Fukushima Minyu Cup,11月後半,2年目,,クラシック,シニア,OP,福島,ダート,1700m,マイル,右,,,https://img.gamewith.jp/article_tools/uma-musume/gacha/i_race186.png
福島民友カップ,Fukushima Minyu Cup,11月後半,3年目,,クラシック,シニア,OP,福島,ダート,1700m,マイル,右,,,https://img.gamewith.jp/article_tools/uma-musume/gacha/i_race186.png
キャピタルステークス,Capital Stakes,11月後半,2年目,,クラシック,シニア,OP,東京,芝,1600m,マイル,左,,,https://img.gamewith.jp/article_tools/uma-musume/gacha/i_race187.png
キャピタルステークス,Capital Stakes,11月後半,3年目,,クラシック,シニア,OP,東京,芝,1600m,マイル,左,,,https://img.gamewith.jp/article_tools/uma-musume/gacha/i_race187.png
オータムリーフステークス,Autumn Leaf Stakes,11月後半,2年目,,クラシック,シニア,OP,京都,ダート,1200m,短距離,右,,,https://img.gamewith.jp/article_tools/uma-musume/gacha/i_race188.png
オータムリーフステークス,Autumn Leaf Stakes,11月後半,3年目,,クラシック,シニア,OP,京都,ダート,1200m,短距離,右,,,https://img.gamewith.jp/article_tools/uma-musume/gacha/i_race188.png
マイルチャンピオンシップ,Mile Championship,11月後半,2年目,,クラシック,シニア,G1,京都,芝,1600m,マイル,右,外,,https://img.gamewith.jp/article_tools/uma-musume/gacha/i_race189.png
マイルチャンピオンシップ,Mile Championship,11月後半,3年目,,クラシック,シニア,G1,京都,芝,1600m,マイル,右,外,,https://img.gamewith.jp/article_tools/uma-musume/gacha/i_race189.png
ジャパンカップ,Japan Cup,11月後半,2年目,,クラシック,シニア,G1,東京,芝,2400m,中距離,左,,,https://img.gamewith.jp/article_tools/uma-musume/gacha/i_race190.png
ジャパンカップ,Japan Cup,11月後半,3年目,,クラシック,シニア,G1,東京,芝,2400m,中距離,左,,,https://img.gamewith.jp/article_tools/uma-musume/gacha/i_race190.png
ステイヤーズステークス,Stayers' Stakes,12月前半,2年目,,クラシック,シニア,G2,中山,芝,3600m,長距離,右,内,,https://img.gamewith.jp/article_tools/uma-musume/gacha/i_race191.png
ステイヤーズステークス,Stayers' Stakes,12月前半,3年目,,クラシック,シニア,G2,中山,芝,3600m,長距離,右,内,,https://img.gamewith.jp/article_tools/uma-musume/gacha/i_race191.png
チャレンジカップ,Challenge Cup,12月前半,2年目,,クラシック,シニア,G3,阪神,芝,2000m,中距離,右,内,,https://img.gamewith.jp/article_tools/uma-musume/gacha/i_race192.png
チャレンジカップ,Challenge Cup,12月前半,3年目,,クラシック,シニア,G3,阪神,芝,2000m,中距離,右,内,,https://img.gamewith.jp/article_tools/uma-musume/gacha/i_race192.png
中日新聞杯,Chunichi Shimbun Hai,12月前半,2年目,,クラシック,シニア,G3,中京,芝,2000m,中距離,左,,,https://img.gamewith.jp/article_tools/uma-musume/gacha/i_race193.png
中日新聞杯,Chunichi Shimbun Hai,12月前半,3年目,,クラシック,シニア,G3,中京,芝,2000m,中距離,左,,,https://img.gamewith.jp/article_tools/uma-musume/gacha/i_race193.png
カペラステークス,Capella Stakes,12月前半,2年目,,クラシック,シニア,G3,中山,ダート,1200m,短距離,右,,,https://img.gamewith.jp/article_tools/uma-musume/gacha/i_race194.png
カペラステークス,Capella Stakes,12月前半,3年目,,クラシック,シニア,G3,中山,ダート,1200m,短距離,右,,,https://img.gamewith.jp/article_tools/uma-musume/gacha/i_race194.png
ターコイズステークス,Turquoise Stakes,12月前半,2年目,,クラシック,シニア,G3,中山,芝,1600m,マイル,右,外,,https://img.gamewith.jp/article_tools/uma-musume/gacha/i_race195.png
ターコイズステークス,Turquoise Stakes,12月前半,3年目,,クラシック,シニア,G3,中山,芝,1600m,マイル,右,外,,https://img.gamewith.jp/article_tools/uma-musume/gacha/i_race195.png
ラピスラズリステークス,Lapis Lazuli Stakes,12月前半,2年目,,クラシック,シニア,OP,中山,芝,1200m,短距離,右,外,,https://img.gamewith.jp/article_tools/uma-musume/gacha/i_race196.png
ラピスラズリステークス,Lapis Lazuli Stakes,12月前半,3年目,,クラシック,シニア,OP,中山,芝,1200m,短距離,右,外,,https://img.gamewith.jp/article_tools/uma-musume/gacha/i_race196.png
師走ステークス,Shiwasu Stakes,12月前半,2年目,,クラシック,シニア,OP,中山,ダート,1800m,マイル,右,,,https://img.gamewith.jp/article_tools/uma-musume/gacha/i_race197.png
師走ステークス,Shiwasu Stakes,12月前半,3年目,,クラシック,シニア,OP,中山,ダート,1800m,マイル,右,,,https://img.gamewith.jp/article_tools/uma-musume/gacha/i_race197.png
リゲルステークス,Rigel Stakes,12月前半,2年目,,クラシック,シニア,OP,阪神,芝,1600m,マイル,右,外,,https://img.gamewith.jp/article_tools/uma-musume/gacha/i_race198.png
リゲルステークス,Rigel Stakes,12月前半,3年目,,クラシック,シニア,OP,阪神,芝,1600m,マイル,右,外,,https://img.gamewith.jp/article_tools/uma-musume/gacha/i_race198.png
タンザナイトステークス,Tanzanite Stakes,12月前半,2年目,,クラシック,シニア,OP,阪神,芝,1200m,短距離,右,内,,https://img.gamewith.jp/article_tools/uma-musume/gacha/i_race199.png
タンザナイトステークス,Tanzanite Stakes,12月前半,3年目,,クラシック,シニア,OP,阪神,芝,1200m,短距離,右,内,,https://img.gamewith.jp/article_tools/uma-musume/gacha/i_race199.png
ディセンバーステークス,December Stakes,12月前半,2年目,,クラシック,シニア,OP,中山,芝,1800m,マイル,右,内,,https://img.gamewith.jp/article_tools/uma-musume/gacha/i_race200.png
ディセンバーステークス,December Stakes,12月前半,3年目,,クラシック,シニア,OP,中山,芝,1800m,マイル,右,内,,https://img.gamewith.jp/article_tools/uma-musume/gacha/i_race200.png
チャンピオンズカップ,Champions Cup,12月前半,2年目,,クラシック,シニア,G1,中京,ダート,1800m,マイル,左,,,https://img.gamewith.jp/article_tools/uma-musume/gacha/i_race201.png
チャンピオンズカップ,Champions Cup,12月前半,3年目,,クラシック,シニア,G1,中京,ダート,1800m,マイル,左,,,https://img.gamewith.jp/article_tools/uma-musume/gacha/i_race201.png
阪神カップ,Hanshin Cup,12月後半,2年目,,クラシック,シニア,G2,阪神,芝,1400m,短距離,右,内,,https://img.gamewith.jp/article_tools/uma-musume/gacha/i_race202.png
阪神カップ,Hanshin Cup,12月後半,3年目,,クラシック,シニア,G2,阪神,芝,1400m,短距離,右,内,,https://img.gamewith.jp/article_tools/uma-musume/gacha/i_race202.png
ギャラクシーステークス,Galaxy Stakes,12月後半,2年目,,クラシック,シニア,OP,阪神,ダート,1400m,短距離,右,,,https://img.gamewith.jp/article_tools/uma-musume/gacha/i_race203.png
ギャラクシーステークス,Galaxy Stakes,12月後半,3年目,,クラシック,シニア,OP,阪神,ダート,1400m,短距離,右,,,https://img.gamewith.jp/article_tools/uma-musume/gacha/i_race203.png
ベテルギウスステークス,Betelgeuse Stakes,12月後半,2年目,,クラシック,シニア,OP,阪神,ダート,1800m,マイル,右,,,https://img.gamewith.jp/article_tools/uma-musume/gacha/i_race204.png
ベテルギウスステークス,Betelgeuse Stakes,12月後半,3年目,,クラシック,シニア,OP,阪神,ダート,1800m,マイル,右,,,https://img.gamewith.jp/article_tools/uma-musume/gacha/i_race204.png
有馬記念,Arima Kinen,12月後半,2年目,,クラシック,シニア,G1,中山,芝,2500m,長距離,右,内,,https://img.gamewith.jp/article_tools/uma-musume/gacha/i_race205.png
有馬記念,Arima Kinen,12月後半,3年目,,クラシック,シニア,G1,中山,芝,2500m,長距離,右,内,,https://img.gamewith.jp/article_tools/uma-musume/gacha/i_race205.png
東京大賞典,Tokyo Dai Stakes,12月後半,2年目,,クラシック,シニア,G1,大井,ダート,2000m,中距離,右,,,https://img.gamewith.jp/article_tools/uma-musume/gacha/i_race206.png
東京大賞典,Tokyo University Shoten,12月後半,3年目,,クラシック,シニア,G1,大井,ダート,2000m,中距離,右,,,https://img.gamewith.jp/article_tools/uma-musume/gacha/i_race206.png
日経新春杯,Nikkei New Year Cup,1月前半,3年目,,,シニア,G2,京都,芝,2400m,中距離,右,外,,https://img.gamewith.jp/article_tools/uma-musume/gacha/i_race207.png
京都金杯,Kyoto Kinen,1月前半,3年目,,,シニア,G3,京都,芝,1600m,マイル,右,外,,https://img.gamewith.jp/article_tools/uma-musume/gacha/i_race208.png
中山金杯,Nakayama Kinen,1月前半,3年目,,,シニア,G3,中山,芝,2000m,中距離,右,内,,https://img.gamewith.jp/article_tools/uma-musume/gacha/i_race209.png
愛知杯,Aichi Cup,1月前半,3年目,,,シニア,G3,中京,芝,2000m,中距離,左,,,https://img.gamewith.jp/article_tools/uma-musume/gacha/i_race210.png
万葉ステークス,Man'yo Stakes,1月前半,3年目,,,シニア,OP,京都,芝,3000m,長距離,右,外,,https://img.gamewith.jp/article_tools/uma-musume/gacha/i_race211.png
淀短距離ステークス,Yodo Stakes,1月前半,3年目,,,シニア,OP,京都,芝,1200m,短距離,右,内,,https://img.gamewith.jp/article_tools/uma-musume/gacha/i_race212.png
ポルックスステークス,Pollux Stakes,1月前半,3年目,,,シニア,OP,中山,ダート,1800m,マイル,右,,,https://img.gamewith.jp/article_tools/uma-musume/gacha/i_race213.png
ジャニュアリーステークス,January Stakes,1月前半,3年目,,,シニア,OP,中山,ダート,1200m,短距離,右,,,https://img.gamewith.jp/article_tools/uma-musume/gacha/i_race214.png
ニューイヤーステークス,New Year Stakes,1月前半,3年目,,,シニア,OP,中山,芝,1600m,マイル,右,外,,https://img.gamewith.jp/article_tools/uma-musume/gacha/i_race215.png
カーバンクルステークス,Carbuncle Stakes,1月前半,3年目,,,シニア,OP,中山,芝,1200m,短距離,右,外,,https://img.gamewith.jp/article_tools/uma-musume/gacha/i_race216.png
東海ステークス,Tokai Stakes,1月後半,3年目,,,シニア,G2,中京,ダート,1800m,マイル,左,,,https://img.gamewith.jp/article_tools/uma-musume/gacha/i_race217.png
アメリカJCC,American JCC,1月後半,3年目,,,シニア,G2,中山,芝,2200m,中距離,右,外,,https://img.gamewith.jp/article_tools/uma-musume/gacha/i_race218.png
シルクロードステークス,Silk Road Stakes,1月後半,3年目,,,シニア,G3,京都,芝,1200m,短距離,右,内,,https://img.gamewith.jp/article_tools/uma-musume/gacha/i_race219.png
根岸ステークス,Negishi Stakes,1月後半,3年目,,,シニア,G3,東京,ダート,1400m,短距離,左,,,https://img.gamewith.jp/article_tools/uma-musume/gacha/i_race220.png
すばるステークス,Subaru Stakes,1月後半,3年目,,,シニア,OP,京都,ダート,1400m,短距離,右,,,https://img.gamewith.jp/article_tools/uma-musume/gacha/i_race221.png
白富士ステークス,Shirafuji Stakes,1月後半,3年目,,,シニア,OP,東京,芝,2000m,中距離,左,,,https://img.gamewith.jp/article_tools/uma-musume/gacha/i_race222.png
京都記念,Kyoto Kinen,2月前半,3年目,,,シニア,G2,京都,芝,2200m,中距離,右,外,,https://img.gamewith.jp/article_tools/uma-musume/gacha/i_race223.png
東京新聞杯,Tokyo Shimbun Hai,2月前半,3年目,,,シニア,G3,東京,芝,1600m,マイル,左,,,https://img.gamewith.jp/article_tools/uma-musume/gacha/i_race224.png
大和ステークス,Yamato Stakes,2月前半,3年目,,,シニア,OP,京都,ダート,1200m,短距離,右,,,https://img.gamewith.jp/article_tools/uma-musume/gacha/i_race225.png
洛陽ステークス,Rakuyo Stakes,2月前半,3年目,,,シニア,OP,京都,芝,1600m,マイル,右,外,,https://img.gamewith.jp/article_tools/uma-musume/gacha/i_race226.png
アルデバランステークス,Aldebaran Stakes,2月前半,3年目,,,シニア,OP,京都,ダート,1900m,中距離,右,,,https://img.gamewith.jp/article_tools/uma-musume/gacha/i_race227.png
バレンタインステークス,Valentine Stakes,2月前半,3年目,,,シニア,OP,東京,ダート,1400m,短距離,左,,,https://img.gamewith.jp/article_tools/uma-musume/gacha/i_race228.png
中山記念,Nakayama Kinen,2月後半,3年目,,,シニア,G2,中山,芝,1800m,マイル,右,内,,https://img.gamewith.jp/article_tools/uma-musume/gacha/i_race229.png
京都ウマ娘ステークス,Kyoto Umamusume Stakes,2月後半,3年目,,,シニア,G3,京都,芝,1400m,短距離,右,外,,https://img.gamewith.jp/article_tools/uma-musume/gacha/i_race230.png
ダイヤモンドステークス,Diamond Stakes,2月後半,3年目,,,シニア,G3,東京,芝,3400m,長距離,左,,,https://img.gamewith.jp/article_tools/uma-musume/gacha/i_race231.png
小倉大賞典,Ogura Dai Stakes,2月後半,3年目,,,シニア,G3,小倉,芝,1800m,マイル,右,,,https://img.gamewith.jp/article_tools/uma-musume/gacha/i_race232.png
阪急杯,Hankyu Hai,2月後半,3年目,,,シニア,G3,阪神,芝,1400m,短距離,右,内,,https://img.gamewith.jp/article_tools/uma-musume/gacha/i_race233.png
総武ステークス,Soubu Stakes,2月後半,3年目,,,シニア,OP,中山,ダート,1800m,マイル,右,,,https://img.gamewith.jp/article_tools/uma-musume/gacha/i_race234.png
北九州短距離ステークス,Kitakyushu Stakes,2月後半,3年目,,,シニア,OP,小倉,芝,1200m,短距離,右,,,https://img.gamewith.jp/article_tools/uma-musume/gacha/i_race235.png
フェブラリーステークス,February Stakes,2月後半,3年目,,,シニア,G1,東京,ダート,1600m,マイル,左,,,https://img.gamewith.jp/article_tools/uma-musume/gacha/i_race236.png
金鯱賞,Kinshachi Sho,3月前半,3年目,,,シニア,G2,中京,芝,2000m,中距離,左,,,https://img.gamewith.jp/article_tools/uma-musume/gacha/i_race237.png
オーシャンステークス,Ocean Stakes,3月前半,3年目,,,シニア,G3,中山,芝,1200m,短距離,右,外,,https://img.gamewith.jp/article_tools/uma-musume/gacha/i_race238.png
中山ウマ娘ステークス,Nakayama Umamusume Stakes,3月前半,3年目,,,シニア,G3,中山,芝,1800m,マイル,右,内,,https://img.gamewith.jp/article_tools/uma-musume/gacha/i_race239.png
大阪城ステークス,Osaka Castle Stakes,3月前半,3年目,,,シニア,OP,阪神,芝,1800m,マイル,右,外,,https://img.gamewith.jp/article_tools/uma-musume/gacha/i_race240.png
ポラリスステークス,Polaris Stakes,3月前半,3年目,,,シニア,OP,阪神,ダート,1400m,短距離,右,,,https://img.gamewith.jp/article_tools/uma-musume/gacha/i_race241.png
仁川ステークス,Incheon Stakes,3月前半,3年目,,,シニア,OP,阪神,ダート,2000m,中距離,右,,,https://img.gamewith.jp/article_tools/uma-musume/gacha/i_race242.png
東風ステークス,Tohoku Stakes,3月前半,3年目,,,シニア,OP,中山,芝,1600m,マイル,右,外,,https://img.gamewith.jp/article_tools/uma-musume/gacha/i_race243.png
阪神大賞典,Hanshin Dai Shoten,3月後半,3年目,,,シニア,G2,阪神,芝,3000m,長距離,右,内,,https://img.gamewith.jp/article_tools/uma-musume/gacha/i_race244.png
日経賞,Nikkei Sho,3月後半,3年目,,,シニア,G2,中山,芝,2500m,長距離,右,内,,https://img.gamewith.jp/article_tools/uma-musume/gacha/i_race245.png
マーチステークス,March Stakes,3月後半,3年目,,,シニア,G3,中山,ダート,1800m,マイル,右,,,https://img.gamewith.jp/article_tools/uma-musume/gacha/i_race246.png
千葉ステークス,Chiba Stakes,3月後半,3年目,,,シニア,OP,中山,ダート,1200m,短距離,右,,,https://img.gamewith.jp/article_tools/uma-musume/gacha/i_race247.png
六甲ステークス,Rokko Stakes,3月後半,3年目,,,シニア,OP,阪神,芝,1600m,マイル,右,外,,https://img.gamewith.jp/article_tools/uma-musume/gacha/i_race248.png
高松宮記念,Takamatsunomiya Kinen,3月後半,3年目,,,シニア,G1,中京,芝,1200m,短距離,左,,,https://img.gamewith.jp/article_tools/uma-musume/gacha/i_race249.png
大阪杯,Osaka Hai,3月後半,3年目,,,シニア,G1,阪神,芝,2000m,中距離,右,内,,https://img.gamewith.jp/article_tools/uma-musume/gacha/i_race250.png
阪神ウマ娘ステークス,Hanshin Umamusume Stakes,4月前半,3年目,,,シニア,G2,阪神,芝,1600m,マイル,右,外,,https://img.gamewith.jp/article_tools/uma-musume/gacha/i_race251.png
ダービー卿チャレンジトロフィー,Lord Derby Challenge Trophy,4月前半,3年目,,,シニア,G3,中山,芝,1600m,マイル,右,外,,https://img.gamewith.jp/article_tools/uma-musume/gacha/i_race252.png
アンタレスステークス,Antares Stakes,4月前半,3年目,,,シニア,G3,阪神,ダート,1800m,マイル,右,,,https://img.gamewith.jp/article_tools/uma-musume/gacha/i_race253.png
コーラルステークス,Coral Stakes,4月前半,3年目,,,シニア,OP,阪神,ダート,1400m,短距離,右,,,https://img.gamewith.jp/article_tools/uma-musume/gacha/i_race254.png
京葉ステークス,Keiyo Stakes,4月前半,3年目,,,シニア,OP,中山,ダート,1200m,短距離,右,,,https://img.gamewith.jp/article_tools/uma-musume/gacha/i_race255.png
春雷ステークス,Shunrai Stakes,4月前半,3年目,,,シニア,OP,中山,芝,1200m,短距離,右,外,,https://img.gamewith.jp/article_tools/uma-musume/gacha/i_race256.png
福島民報杯,Fukushima Minpo Cup,4月前半,3年目,,,シニア,OP,福島,芝,2000m,中距離,右,,,https://img.gamewith.jp/article_tools/uma-musume/gacha/i_race257.png
吾妻小富士ステークス,Azuma Kofuji Stakes,4月前半,3年目,,,シニア,OP,福島,ダート,1700m,マイル,右,,,https://img.gamewith.jp/article_tools/uma-musume/gacha/i_race258.png
マイラーズカップ,Miler Cup,4月後半,3年目,,,シニア,G2,京都,芝,1600m,マイル,右,外,,https://img.gamewith.jp/article_tools/uma-musume/gacha/i_race259.png
福島ウマ娘ステークス,Fukushima Umamusume Stakes,4月後半,3年目,,,シニア,G3,福島,芝,1800m,マイル,右,,,https://img.gamewith.jp/article_tools/uma-musume/gacha/i_race260.png
オアシスステークス,Oasis Stakes,4月後半,3年目,,,シニア,OP,東京,ダート,1600m,マイル,左,,,https://img.gamewith.jp/article_tools/uma-musume/gacha/i_race261.png
天王山ステークス,Tennozan Stakes,4月後半,3年目,,,シニア,OP,京都,ダート,1200m,短距離,右,,,https://img.gamewith.jp/article_tools/uma-musume/gacha/i_race262.png
天皇賞（春）,Tenno Sho (Spring),4月後半,3年目,,,シニア,G1,京都,芝,3200m,長距離,右,外,,https://img.gamewith.jp/article_tools/uma-musume/gacha/i_race263.png
京王杯スプリングカップ,Keio Hai Spring Cup,5月前半,3年目,,,シニア,G2,東京,芝,1400m,短距離,左,,,https://img.gamewith.jp/article_tools/uma-musume/gacha/i_race264.png
新潟大賞典,Niigata Dai Shoten,5月前半,3年目,,,シニア,G3,新潟,芝,2000m,中距離,左,外,,https://img.gamewith.jp/article_tools/uma-musume/gacha/i_race265.png
谷川岳ステークス,Tanigawadake Stakes,5月前半,3年目,,,シニア,OP,新潟,芝,1600m,マイル,左,外,,https://img.gamewith.jp/article_tools/uma-musume/gacha/i_race266.png
メトロポリタンステークス,Metropolitan Stakes,5月前半,3年目,,,シニア,OP,東京,芝,2400m,中距離,左,,,https://img.gamewith.jp/article_tools/uma-musume/gacha/i_race267.png
鞍馬ステークス,Kurama Stakes,5月前半,3年目,,,シニア,OP,京都,芝,1200m,短距離,右,内,,https://img.gamewith.jp/article_tools/uma-musume/gacha/i_race268.png
ブリリアントステークス,Brilliant Stakes,5月前半,3年目,,,シニア,OP,東京,ダート,2100m,中距離,左,,,https://img.gamewith.jp/article_tools/uma-musume/gacha/i_race269.png
都大路ステークス,Miyakooji Stakes,5月前半,3年目,,,シニア,OP,京都,芝,1800m,マイル,右,外,,https://img.gamewith.jp/article_tools/uma-musume/gacha/i_race270.png
栗東ステークス,Ritto Stakes,5月前半,3年目,,,シニア,OP,京都,ダート,1400m,短距離,右,,,https://img.gamewith.jp/article_tools/uma-musume/gacha/i_race271.png
ヴィクトリアマイル,Victoria Mile,5月前半,3年目,,,シニア,G1,東京,芝,1600m,マイル,左,,,https://img.gamewith.jp/article_tools/uma-musume/gacha/i_race272.png
目黒記念,Meguro Kinen,5月後半,3年目,,,シニア,G2,東京,芝,2500m,長距離,左,,,https://img.gamewith.jp/article_tools/uma-musume/gacha/i_race273.png
平安ステークス,Heian Stakes,5月後半,3年目,,,シニア,G3,京都,ダート,1900m,中距離,右,,,https://img.gamewith.jp/article_tools/uma-musume/gacha/i_race274.png
メイステークス,Mei Stakes,5月後半,3年目,,,シニア,OP,東京,芝,1800m,マイル,左,,,https://img.gamewith.jp/article_tools/uma-musume/gacha/i_race275.png
韋駄天ステークス,Idaten Stakes,5月後半,3年目,,,シニア,OP,新潟,芝,1000m,短距離,直線,,,https://img.gamewith.jp/article_tools/uma-musume/gacha/i_race276.png
欅ステークス,Keyaki Stakes,5月後半,3年目,,,シニア,OP,東京,ダート,1400m,短距離,左,,,https://img.gamewith.jp/article_tools/uma-musume/gacha/i_race277.png
安土城ステークス,Azuchi Castle Stakes,5月後半,3年目,,,シニア,OP,京都,芝,1400m,短距離,右,外,,https://img.gamewith.jp/article_tools/uma-musume/gacha/i_race278.png
帝王賞,Teioh Sho,6月後半,3年目,,,シニア,G1,大井,ダート,2000m,中距離,右,,,https://img.gamewith.jp/article_tools/uma-musume/gacha/i_race285.png
川崎記念,Kawasaki Kinen,2月前半,3年目,,,シニア,G1,川崎,ダート,2100m,中距離,左,,,https://img.gamewith.jp/article_tools/uma-musume/gacha/i_race380.png
全日本ジュニア優駿,All Japan Junior Yushun,12月後半,1年目,ジュニア,,,G1,川崎,ダート,1600m,マイル,左,,,https://img.gamewith.jp/article_tools/uma-musume/gacha/i_race381.png
かしわ記念,Kashiwa Kinen,5月前半,3年目,,,シニア,G1,船橋,ダート,1600m,マイル,左,,,https://img.gamewith.jp/article_tools/uma-musume/gacha/i_race382.png
マイルチャンピオンシップ南部杯,Mile Championship Nanbu Hai,10月前半,2年目,,クラシック,シニア,G1,盛岡,ダート,1600m,マイル,左,,,https://img.gamewith.jp/article_tools/uma-musume/gacha/i_race383.png
マイルチャンピオンシップ南部杯,Mile Championship Nanbu Hai,10月前半,3年目,,クラシック,シニア,G1,盛岡,ダート,1600m,マイル,左,,,https://img.gamewith.jp/article_tools/uma-musume/gacha/i_race383.png
レディスプレリュード,Ladies' Prelude,10月前半,2年目,,クラシック,シニア,G2,大井,ダート,1800m,マイル,右,,,https://img.gamewith.jp/article_tools/uma-musume/gacha/i_race384.png
レディスプレリュード,Ladies' Prelude,10月前半,3年目,,クラシック,シニア,G2,大井,ダート,1800m,マイル,右,,,https://img.gamewith.jp/article_tools/uma-musume/gacha/i_race384.png
東京盃,Tokyo Hai,10月前半,2年目,,クラシック,シニア,G2,大井,ダート,1200m,短距離,右,,,https://img.gamewith.jp/article_tools/uma-musume/gacha/i_race385.png
東京盃,Tokyo Hai,10月前半,3年目,,クラシック,シニア,G2,大井,ダート,1200m,短距離,右,,,https://img.gamewith.jp/article_tools/uma-musume/gacha/i_race385.png
エンプレス杯,Empress Cup,3月前半,3年目,,,シニア,G2,川崎,ダート,2100m,中距離,左,,,https://img.gamewith.jp/article_tools/uma-musume/gacha/i_race386.png
関東オークス,Kanto Oaks,6月前半,2年目,,クラシック,,G2,川崎,ダート,2100m,中距離,左,,,https://img.gamewith.jp/article_tools/uma-musume/gacha/i_race387.png
ダイオライト記念,Diolight Kinen,3月後半,3年目,,,シニア,G2,船橋,ダート,2400m,中距離,左,,,https://img.gamewith.jp/article_tools/uma-musume/gacha/i_race388.png
さざんかテレビ杯,Sazanka Television Cup,9月後半,2年目,,クラシック,シニア,G2,船橋,ダート,1800m,マイル,左,,,https://img.gamewith.jp/article_tools/uma-musume/gacha/i_race389.png
さざんかテレビ杯,Sazanka Television Cup,9月後半,3年目,,クラシック,シニア,G2,船橋,ダート,1800m,マイル,左,,,https://img.gamewith.jp/article_tools/uma-musume/gacha/i_race389.png
TCK女王盃,TCK Queen's Cup,1月後半,3年目,,,シニア,G3,大井,ダート,1800m,マイル,右,,,https://img.gamewith.jp/article_tools/uma-musume/gacha/i_race390.png
東京スプリント,Tokyo Sprint,4月後半,3年目,,,シニア,G3,大井,ダート,1200m,短距離,右,,,https://img.gamewith.jp/article_tools/uma-musume/gacha/i_race391.png
スパーキングレディーカップ,Sparking Lady Cup,7月前半,2年目,,クラシック,シニア,G3,川崎,ダート,1600m,マイル,左,,,https://img.gamewith.jp/article_tools/uma-musume/gacha/i_race392.png
スパーキングレディーカップ,Sparking Lady Cup,7月前半,3年目,,クラシック,シニア,G3,川崎,ダート,1600m,マイル,左,,,https://img.gamewith.jp/article_tools/uma-musume/gacha/i_race392.png
マリーンカップ,Marine Cup,4月前半,2年目,,クラシック,シニア,G3,船橋,ダート,1600m,マイル,左,,,https://img.gamewith.jp/article_tools/uma-musume/gacha/i_race393.png
マリーンカップ,Marine Cup,4月前半,3年目,,クラシック,シニア,G3,船橋,ダート,1600m,マイル,左,,,https://img.gamewith.jp/article_tools/uma-musume/gacha/i_race393.png
クイーン賞,Queen Sho,12月前半,2年目,,クラシック,シニア,G3,船橋,ダート,1800m,マイル,左,,,https://img.gamewith.jp/article_tools/uma-musume/gacha/i_race394.png
クイーン賞,Queen Sho,12月前半,3年目,,クラシック,シニア,G3,船橋,ダート,1800m,マイル,左,,,https://img.gamewith.jp/article_tools/uma-musume/gacha/i_race394.png
マーキュリーカップ,Mercury Cup,7月後半,2年目,,クラシック,シニア,G3,盛岡,ダート,2000m,中距離,左,,,https://img.gamewith.jp/article_tools/uma-musume/gacha/i_race395.png
マーキュリーカップ,Mercury Cup,7月後半,3年目,,クラシック,シニア,G3,盛岡,ダート,2000m,中距離,左,,,https://img.gamewith.jp/article_tools/uma-musume/gacha/i_race395.png
クラスターカップ,Cluster Cup,8月後半,2年目,,クラシック,シニア,G3,盛岡,ダート,1200m,短距離,左,,,https://img.gamewith.jp/article_tools/uma-musume/gacha/i_race396.png
クラスターカップ,Cluster Cup,8月後半,3年目,,クラシック,シニア,G3,盛岡,ダート,1200m,短距離,左,,,https://img.gamewith.jp/article_tools/uma-musume/gacha/i_race396.png
