Name (JP),Name (EN),Type,Length,Surface,Direction,Racetrack,Junior,Classics,Senior,Month,Half,Reference,Fan Limit,Image Link
ジュニアカップ,Junior Cup,Open,"1,600 m",turf,right (CW),Nakayama (Chiba),no,yes,no,January,1st,Wikipedia (JP),350,
紅梅ステークス,Koubai Stakes (Plum Stakes),Open,"1,400 m",turf,right (CW),Kyoto,no,yes,no,January,1st,Wikipedia (JP),350,
フェアリーステークス,Fairy Stakes,GIII,"1,600 m",turf,right (CW),Nakayama (Chiba),no,yes,no,January,1st,Wikipedia,750,
京成杯,Keisei Hai,GIII,"2,000 m",turf,right (CW),Nakayama (Chiba),no,yes,no,January,1st,Wikipedia,"1,000",
シンザン記念,Shinzan Kinen (Shinzan Memorial),GIII,"1,600 m",turf,right (CW),Kyoto,no,yes,no,January,1st,Wikipedia,"1,000",
カーバンクルステークス,Carbuncle Stakes,Open,"1,200 m",turf,right (CW),Nakayama (Chiba),no,no,yes,January,1st,,350,
ジャニュアリーステークス,January Stakes,Open,"1,200 m",dirt,right (CW),Nakayama (Chiba),no,no,yes,January,1st,,350,
万葉ステークス,Manyou Stakes,Open,"3,000 m",turf,right (CW),Kyoto,no,no,yes,January,1st,Wikipedia (JP),350,
ニューイヤーステークス,New Year Stakes,Open,"1,600 m",turf,right (CW),Nakayama (Chiba),no,no,yes,January,1st,,350,
ポルックスステークス,Pollux Stakes,Open,"1,800 m",dirt,right (CW),Nakayama (Chiba),no,no,yes,January,1st,,350,
淀短距離ステークス,Yodo Short Distance Stakes,Open,"1,200 m",turf,right (CW),Kyoto,no,no,yes,January,1st,,350,
愛知杯,Aichi Hai,GIII,"2,000 m",turf,left (ACW),Chukyou (Nagoya),no,no,yes,January,1st,Wikipedia,750,
京都金杯,Kyoto Kinpai,GIII,"1,600 m",turf,right (CW),Kyoto,no,no,yes,January,1st,Wikipedia,"1,500",
中山金杯,Nakayama Kinpai,GIII,"2,000 m",turf,right (CW),Nakayama (Chiba),no,no,yes,January,1st,Wikipedia,"1,500",
日経新春杯,Nikkei Shinshun Hai,GII,"2,400 m",turf,right (CW),Kyoto,no,no,yes,January,1st,Wikipedia,"1,800",
クロッカスステークス,Kurokkasu Stakes (Crocus Stakes),Open,"1,400 m",turf,left (ACW),Tokyo,no,yes,no,January,2nd,Wikipedia (JP),350,
若駒ステークス,Wakagoma Stakes (Young Foal Stakes),Open,"2,000 m",turf,right (CW),Kyoto,no,yes,no,January,2nd,Wikipedia (JP),350,
白富士ステークス,Shirofuji Stakes (White Fuji Stakes),Open,"2,000 m",turf,left (ACW),Tokyo,no,no,yes,January,2nd,,350,
すばるステークス,Subaru Stakes (Pleiades Stakes),Open,"1,400 m",dirt,right (CW),Kyoto,no,no,yes,January,2nd,,350,
根岸ステークス,Negishi Stakes,GIII,"1,400 m",dirt,left (ACW),Tokyo,no,no,yes,January,2nd,Wikipedia,"1,000",
シルクロードステークス,Silk Road Stakes,GIII,"1,200 m",turf,right (CW),Kyoto,no,no,yes,January,2nd,Wikipedia,"1,250",
アメリカJCC,American Jockey Club Cup,GII,"2,200 m",turf,right (CW),Nakayama (Chiba),no,no,yes,January,2nd,Wikipedia,"1,900",
東海ステークス,Tokai Stakes,GII,"1,800 m",dirt,left (ACW),Chukyou (Nagoya),no,no,yes,January,2nd,Wikipedia,"1,800",
エルフィンステークス,Elfin Stakes,Open,"1,600 m",turf,right (CW),Kyoto,no,yes,no,February,1st,Wikipedia (JP),350,
きさらぎ賞,Kisaragishou (Kisaragi Award),GIII,"1,800 m",turf,right (CW),Kyoto,no,yes,no,February,1st,Wikipedia,"1,000",
共同通信杯,Kyoudoutsuushin Hai (also Tokino Kinoru Memorial),GIII,"1,800 m",turf,left (ACW),Tokyo,no,yes,no,February,1st,Wikipedia,"1,000",
クイーンカップ,Queen Cup,GIII,"1,600 m",turf,left (ACW),Tokyo,no,yes,no,February,1st,Wikipedia,750,
アルデバランステークス,Aldebaran Stakes,Open,"1,900 m",dirt,right (CW),Kyoto,no,no,yes,February,1st,,350,
洛陽ステークス,Rakuyou Stakes,Open,"1,600 m",turf,right (CW),Kyoto,no,no,yes,February,1st,,350,
バレンタインステークス,Valentine Stakes,Open,"1,400 m",dirt,left (ACW),Tokyo,no,no,yes,February,1st,,350,
大和ステークス,Yamato Stakes,Open,"1,200 m",dirt,right (CW),Kyoto,no,no,yes,February,1st,,350,
東京新聞杯,Tokyo Shinbun Hai,GIII,"1,600 m",turf,left (ACW),Tokyo,no,no,yes,February,1st,Wikipedia,"1,250",
京都記念,Kyoto Kinen (Kyoto Memorial),GII,"2,200 m",turf,right (CW),Kyoto,no,no,yes,February,1st,Wikipedia,"1,900",
ヒヤシンスステークス,Hyacinth Stakes,Open,"1,600 m",dirt,left (ACW),Tokyo,no,yes,no,February,2nd,Wikipedia (JP),350,
マーガレットステークス,Margaret Stakes,Open,"1,200 m",turf,right (CW),Hanshin (Takarazuka),no,yes,no,February,2nd,Wikipedia (JP),350,
すみれステークス,Sumire Stakes (Violet Stakes),Open,"2,200 m",turf,right (CW),Hanshin (Takarazuka),no,yes,no,February,2nd,Wikipedia (JP),350,
北九州短距離ステークス,Kitakyushu Short Distance Stakes,Open,"1,200 m",turf,right (CW),Kokura (Kitakyushu),no,no,yes,February,2nd,,350,
総武ステークス,Sobu Stakes,Open,"1,800 m",dirt,right (CW),Nakayama (Chiba),no,no,yes,February,2nd,,350,
ダイヤモンドステークス,Diamond Stakes,GIII,"3,400 m",turf,left (ACW),Tokyo,no,no,yes,February,2nd,Wikipedia,"1,500",
阪急杯,Hankyu Hai,GIII,"1,400 m",turf,right (CW),Hanshin (Takarazuka),no,no,yes,February,2nd,Wikipedia,"1,500",
小倉大賞典,Kokura Daishouten (Kokura Grand Prix),GIII,"1,800 m",turf,right (CW),Kokura (Kitakyushu),no,no,yes,February,2nd,Wikipedia,"1,500",
京都ウマ娘ステークス,Kyoto Horse Girl Stakes,GIII,"1,400 m",turf,right (CW),Kyoto,no,no,yes,February,2nd,Wikipedia,750,
中山記念,Nakayama Kinen (Nakayama Memorial),GII,"1,800 m",turf,right (CW),Nakayama (Chiba),no,no,yes,February,2nd,Wikipedia,"1,900",
フェブラリーステークス,February Stakes,GI,"1,600 m",dirt,left (ACW),Tokyo,no,no,yes,February,2nd,Wikipedia,"12,000",
アネモネステークス,Anemone Stakes (Windflower Stakes),Open,"1,600 m",turf,right (CW),Nakayama (Chiba),no,yes,no,March,1st,Wikipedia (JP),350,
昇竜ステークス,Shouryuu Stakes (Helvel Stakes),Open,"1,400 m",dirt,left (ACW),Chukyou (Nagoya),no,yes,no,March,1st,Wikipedia (JP),350,
チューリップ賞,Chuurippushou (Tulip Award),GII,"1,600 m",turf,right (CW),Hanshin (Takarazuka),no,yes,no,March,1st,Wikipedia,"1,750",
フェリーズレビュー,Fillies' Revue,GII,"1,400 m",turf,right (CW),Hanshin (Takarazuka),no,yes,no,March,1st,Wikipedia,"1,750",
弥生賞,Yayoishou (Yayoi Award),GII,"2,000 m",turf,right (CW),Nakayama (Chiba),no,yes,no,March,1st,Wikipedia,"1,750",
仁川ステークス,Incheon Stakes,Open,"2,000 m",dirt,right (CW),Hanshin (Takarazuka),no,no,yes,March,1st,,350,
東風ステークス,Kochi Stakes (East Wind Stakes),Open,"1,600 m",turf,right (CW),Nakayama (Chiba),no,no,yes,March,1st,,350,
大阪城ステークス,Osakajou Stakes (Osaka Castle Stakes),Open,"1,800 m",turf,right (CW),Hanshin (Takarazuka),no,no,yes,March,1st,,350,
大阪城ステークス,Polaris Stakes,Open,"1,400 m",dirt,right (CW),Hanshin (Takarazuka),no,no,yes,March,1st,,350,
中山ウマ娘ステークス,Nakayama Horse Girl Stakes,GIII,"1,800 m",turf,right (CW),Nakayama (Chiba),no,no,yes,March,1st,Wikipedia,"1,000",
オーシャンステークス,Ocean Stakes,GIII,"1,200 m",turf,right (CW),Nakayama (Chiba),no,no,yes,March,1st,Wikipedia,"1,500",
金鯱賞,Kinkoshou (Golden Dolphin Award),GII,"2,000 m",turf,left (ACW),Chukyou (Nagoya),no,no,yes,March,1st,Wikipedia,"2,000",
若葉ステークス,Wakaba Stakes (Young Leaves Stakes),Open,"2,000 m",turf,right (CW),Hanshin (Takarazuka),no,yes,no,March,2nd,Wikipedia (JP),350,
ファルコンステークス,Falcon Stakes,GIII,"1,400 m",turf,left (ACW),Chukyou (Nagoya),no,yes,no,March,2nd,Wikipedia,"1,250",
フラワーカップ,Flower Cup,GIII,"1,800 m",turf,right (CW),Nakayama (Chiba),no,yes,no,March,2nd,Wikipedia,750,
毎日杯,Mainichi Hai,GIII,"1,800 m",turf,right (CW),Hanshin (Takarazuka),no,yes,no,March,2nd,Wikipedia,"1,250",
スプリングステークス,Spring Stakes,GII,"1,800 m",turf,right (CW),Nakayama (Chiba),no,yes,no,March,2nd,Wikipedia,"1,750",
千葉ステークス,Chiba Stakes,Open,"1,200 m",turf,right (CW),Nakayama (Chiba),no,no,yes,March,2nd,,350,
六甲ステークス,Rokko Stakes,Open,"1,600 m",turf,right (CW),Hanshin (Takarazuka),no,no,yes,March,2nd,,350,
マーチステークス,March Stakes,GIII,"1,800 m",dirt,right (CW),Nakayama (Chiba),no,no,yes,March,2nd,Wikipedia,"1,000",
阪神大賞典,Hanshin Daishouten (Hanshin Grand Prix),GII,"3,000 m",turf,right (CW),Hanshin (Takarazuka),no,no,yes,March,2nd,Wikipedia,"2,000",
日経賞,Nikkeishou (Nikkei Award),GII,"2,500 m",turf,right (CW),Nakayama (Chiba),no,no,yes,March,2nd,Wikipedia,"2,000",
大阪杯,Osaka Hai,GI,"2,000 m",turf,right (CW),Hanshin (Takarazuka),no,no,yes,March,2nd,Wikipedia,"20,000",
高松宮記念,Takamatsunomiya Kinen (Takamatsunomiya Memorial),GI,"1,200 m",turf,left (ACW),Chukyou (Nagoya),no,no,yes,March,2nd,Wikipedia,"15,000",
伏竜ステークス,Fukuryuu Stakes (Young Talent Stakes),Open,"1,800 m",dirt,right (CW),Nakayama (Chiba),no,yes,no,April,1st,Wikipedia (JP),350,
忘れな草賞,Wasurenagusashou (Forget-me-not Award),Open,"2,000 m",turf,right (CW),Hanshin (Takarazuka),no,yes,no,April,1st,Wikipedia (JP),350,
アーリントンカップ,Arlington Cup,GIII,"1,600 m",turf,right (CW),Hanshin (Takarazuka),no,yes,no,April,1st,Wikipedia,"1,250",
ニュージーランドトロフィー,New Zealand Trophy,GII,"1,600 m",turf,right (CW),Nakayama (Chiba),no,yes,no,April,1st,Wikipedia,"1,750",
桜花賞,Oukashou (Cherry Blossom Award),GI,"1,600 m",turf,right (CW),Hanshin (Takarazuka),no,yes,no,April,1st,Wikipedia,"4,500",
皐月賞,Satsukishou (Satsuki Award),GI,"2,000 m",turf,right (CW),Nakayama (Chiba),no,yes,no,April,1st,Wikipedia,"4,500",
吾妻小富士ステークス,Azuma Kofuji Stakes,Open,"1,700 m",dirt,right (CW),Fukushima,no,no,yes,April,1st,,350,
コーラルステークス,Coral Stakes,Open,"1,400 m",dirt,right (CW),Hanshin (Takarazuka),no,no,yes,April,1st,,350,
福島民報杯,Fukushima Minpou Hai,Open,"2,000 m",turf,right (CW),Fukushima,no,no,yes,April,1st,,350,
京葉ステークス,Keiyou Stakes,Open,"1,200 m",dirt,right (CW),Nakayama (Chiba),no,no,yes,April,1st,,350,
春雷ステークス,Shunrai Stakes (Spring Thunder Stakes),Open,"1,200 m",turf,right (CW),Nakayama (Chiba),no,no,yes,April,1st,,350,
アンタレスステークス,Antares Stakes,GIII,"1,800 m",dirt,right (CW),Hanshin (Takarazuka),no,no,yes,April,1st,Wikipedia,"1,000",
ダービー卿チャレンジトロフィー,Lord Derby Challenge Trophy,GIII,"1,600 m",turf,right (CW),Nakayama (Chiba),no,no,yes,April,1st,Wikipedia,"1,250",
阪神ウマ娘ステークス,Hanshin Horse Girl Stakes,GII,"1,600 m",turf,right (CW),Hanshin (Takarazuka),no,no,yes,April,1st,Wikipedia,"1,800",
スイートピーステークス,Sweet Pea Stakes,Open,"1,800 m",turf,left (ACW),Tokyo,no,yes,no,April,2nd,Wikipedia (JP),350,
橘ステークス,Tachibana Stakes (Orange Stakes),Open,"1,400 m",turf,right (CW),Kyoto,no,yes,no,April,2nd,Wikipedia (JP),350,
端牛ステークス,Tango Stakes (?? Stakes),Open,"1,400 m",dirt,right (CW),Kyoto,no,yes,no,April,2nd,Wikipedia (JP),350,
青葉賞,Aobashou (Fresh Leaves Award),GII,"2,400 m",turf,left (ACW),Tokyo,no,yes,no,April,2nd,Wikipedia,"1,800",
フローラステークス,Flora Stakes,GII,"2,000 m",turf,left (ACW),Tokyo,no,yes,no,April,2nd,Wikipedia,"1,750",
オアシスステークス,Oasis Stakes,Open,"1,600 m",dirt,left (ACW),Tokyo,no,no,yes,April,2nd,,350,
天王山ステークス,Tennouzan Stakes,Open,"1,200 m",dirt,right (CW),Kyoto,no,no,yes,April,2nd,,350,
福島ウマ娘ステークス,Fukushima Horse Girl Stakes,GIII,"1,800 m",turf,right (CW),Fukushima,no,no,yes,April,2nd,Wikipedia,"1,250",
マイラーズカップ,Milers Cup,GII,"1,600 m",turf,right (CW),Kyoto,no,no,yes,April,2nd,Wikipedia,"1,900",
天皇賞（春）,Spring Tennoushou (Emperor's Pride),GI,"3,200 m",turf,right (CW),Kyoto,no,no,yes,April,2nd,Wikipedia,"20,000",
プリンシパルステークス,Principal Pulse Stakes,Open,"2,000 m",turf,left (ACW),Tokyo,no,yes,no,May,1st,Wikipedia,350,
青竜ステークス,Seiryuu Stakes (Azure Dragon Stakes),Open,"1,600 m",dirt,left (ACW),Tokyo,no,yes,no,May,1st,Wikipedia (JP),350,
京都新聞杯,Kyoto Shinbun Hai,GII,"2,200 m",turf,right (CW),Kyoto,no,yes,no,May,1st,Wikipedia,"1,750",
NHKマイルC,NHK Mile Cup,GI,"1,600 m",turf,left (ACW),Tokyo,no,yes,no,May,1st,Wikipedia,"5,000",
ブリリアントステークス,Brilliant Stakes,Open,"2,100 m",dirt,left (ACW),Tokyo,no,no,yes,May,1st,,350,
鞍馬ステークス,Kurama Stakes,Open,"1,200 m",turf,right (CW),Kyoto,no,no,yes,May,1st,,350,
メトロポリタンステークス,Metropolitan Stakes,Open,"2,400 m",turf,left (ACW),Tokyo,no,no,yes,May,1st,,350,
都大路ステークス,Miyakooji Stakes,Open,"1,800 m",turf,right (CW),Kyoto,no,no,yes,May,1st,,350,
栗東ステークス,Rittou Stakes,Open,"1,400 m",dirt,right (CW),Kyoto,no,no,yes,May,1st,,350,
谷川岳ステークス,Tanigawa Stakes,Open,"1,600 m",turf,left (ACW),Niigata,no,no,yes,May,1st,,350,
新潟大賞典,Niigata Daishouten (Niigata Grand Prix),GIII,"2,000 m",turf,left (ACW),Niigata,no,no,yes,May,1st,Wikipedia,"1,500",
京王杯スプリングカップ,Keio Hai Spring Cup,GII,"1,400 m",turf,left (ACW),Tokyo,no,no,yes,May,1st,Wikipedia,"1,900",
ヴィクトリアマイル,Victoria Mile,GI,"1,600 m",turf,left (ACW),Tokyo,no,no,yes,May,1st,Wikipedia,"10,000",
鳳雛ステークス,Housuu Stakes (Young Talent Stakes),Open,"1,800 m",dirt,right (CW),Kyoto,no,yes,no,May,2nd,Wikipedia (JP),350,
白百合ステークス,Shirayuri Stakes (White Lily Stakes),Open,"1,800 m",turf,right (CW),Kyoto,no,yes,no,May,2nd,Wikipedia (JP),350,
葵ステークス,Aoi Stakes (Hollyhock Stakes),GIII,"1,200 m",turf,right (CW),Kyoto,no,yes,no,May,2nd,Wikipedia (JP),"1,250",
日本ダービー,Japan Derby - Tokyo Yushun,GI,"2,400 m",turf,left (ACW),Tokyo,no,yes,no,May,2nd,Wikipedia,"6,000",
オークス,Japanese Oaks - Yushun Hinba,GI,"2,400 m",turf,left (ACW),Tokyo,no,yes,no,May,2nd,Wikipedia,"6,000",
安土城ステークス,Azuchi Castle Stakes,Open,"1,400 m",turf,right (CW),Kyoto,no,no,yes,May,2nd,,350,
メイステークス,May Stakes,Open,"1,800 m",turf,left (ACW),Tokyo,no,no,yes,May,2nd,,350,
韋駄天ステークス,Skanda Stakes,Open,"1,000 m",turf,straight,Niigata,no,no,yes,May,2nd,,350,
欅ステークス,Zelkova Stakes,Open,"1,400 m",dirt,left (ACW),Tokyo,no,no,yes,May,2nd,,350,
平安ステークス,Heian Stakes,GIII,"1,900 m",dirt,right (CW),Kyoto,no,no,yes,May,2nd,Wikipedia,"1,000",
目黒記念,Meguro Kinen (Meguro Memorial),GII,"2,500 m",turf,left (ACW),Tokyo,no,no,yes,May,2nd,Wikipedia,"1,800",
天保山ステークス,Mount Tenpo Stakes,Open,"1,400 m",dirt,right (CW),Hanshin (Takarazuka),no,yes,yes,June,1st,,350,
スレイプニルステークス,Sleipnir Stakes,Open,"2,100 m",dirt,left (ACW),Tokyo,no,yes,yes,June,1st,,350,
エプソムカップ,Epsom Cup,GIII,"1,800 m",turf,left (ACW),Tokyo,no,yes,yes,June,1st,Wikipedia,"1,500",
マーメイドステークス,Mermaid Stakes,GIII,"2,000 m",turf,right (CW),Hanshin (Takarazuka),no,yes,yes,June,1st,Wikipedia,"1,000",
鳴尾記念,Naruo Kinen (Naruo Memorial),GIII,"2,000 m",turf,right (CW),Hanshin (Takarazuka),no,yes,yes,June,1st,Wikipedia,"1,500",
安田記念,Yasuda Kinen (Yasuda Memorial),GI,"1,600 m",turf,left (ACW),Tokyo,no,yes,yes,June,1st,Wikipedia,"15,000",
アハルテけステークス,Aharuteke Stakes,Open,"1,600 m",dirt,left (ACW),Tokyo,no,yes,yes,June,2nd,,350,
三官ステークス,Mikan? Stakes,Open,"1,800 m",dirt,right (CW),Hanshin (Takarazuka),no,yes,yes,June,2nd,,350,
大沼ステークス,Ounuma Stakes,Open,"1,700 m",dirt,right (CW),Hakodate,no,yes,yes,June,2nd,,350,
パラダイスステークス,Paradise Stakes,Open,"1,400 m",turf,left (ACW),Tokyo,no,yes,yes,June,2nd,,350,
米子ステークス,Yonago Stakes,Open,"1,600 m",turf,right (CW),Hanshin (Takarazuka),no,yes,yes,June,2nd,Wikipedia (JP),350,
函館スプリントステークス,Hakodate Sprint Stakes,GIII,"1,200 m",turf,right (CW),Hakodate,no,yes,yes,June,2nd,Wikipedia,"1,250",
宝塚記念,Takarazuka Kinen (Takarazuka Memorial),GI,"2,200 m",turf,right (CW),Hanshin (Takarazuka),no,yes,yes,June,2nd,Wikipedia,"20,000",
ユニコーンステークス,Unicorn Stakes,GIII,"1,600 m",dirt,left (ACW),Tokyo,no,yes,no,June,2nd,Wikipedia,750,
帝王賞,Teioushou (Emperor Award),GI,"2,000 m",dirt,right (CW),Ooi (Tokyo),no,no,yes,June,2nd,Wikipedia,"12,000",
マリーンステークス,Marine Stakes,Open,"1,700 m",dirt,right (CW),Hakodate,no,yes,yes,July,1st,,350,
名鉄杯,Meitetsu Hai,Open,"1,800 m",dirt,left (ACW),Chukyou (Nagoya),no,yes,yes,July,1st,Wikipedia (JP),350,
巴賞,Tomoeshou (Tomoe Award),Open,"1,800 m",turf,right (CW),Hakodate,no,yes,yes,July,1st,,350,
CBC賞,CBC Award,GIII,"1,200 m",turf,left (ACW),Chukyou (Nagoya),no,yes,yes,July,1st,Wikipedia,"1,250",
函館記念,Hakodate Kinen (Hakodate Memorial),GIII,"2,000 m",turf,right (CW),Hakodate,no,yes,yes,July,1st,Wikipedia,"1,500",
プロキオンステークス,Procyon Stakes,GIII,"1,400 m",dirt,left (ACW),Chukyou (Nagoya),no,yes,yes,July,1st,Wikipedia,"1,000",
七夕賞,Tanabatashou (Tanabata Award),GIII,"2,000 m",turf,right (CW),Fukushima,no,yes,yes,July,1st,Wikipedia,"1,500",
ラジオNIKKEI賞,Radio Nikkei Award,GIII,"1,800 m",turf,right (CW),Fukushima,no,yes,no,July,1st,Wikipedia,"1,250",
ジャパンダートダービー,Japan Dirt Derby,GI,"2,000 m",dirt,right (CW),Ooi (Tokyo),no,yes,no,July,1st,Wikipedia,"4,000",
中京ジュニアステークス,Chukyou Junior Stakes,Open,"1,600 m",turf,left (ACW),Chukyou (Nagoya),yes,no,no,July,2nd,Wikipedia (JP),350,
函館ジュニアステークス,Hakodate Junior Stakes,GIII,"1,200 m",turf,right (CW),Hakodate,yes,no,no,July,2nd,Wikipedia,350,
福島テレビオープン,Fukushima TV Open,Open,"1,200 m",turf,right (CW),Fukushima,no,yes,yes,July,2nd,,350,
中京記念,Chukyou Kinen (Chukyou Memorial),GIII,"1,600 m",turf,left (ACW),Chukyou (Nagoya),no,yes,yes,July,2nd,Wikipedia,"1,250",
アイビスサマーダッシュ,Ibis Summer Dash,GIII,"1,000 m",turf,straight,Niigata,no,yes,yes,July,2nd,Wikipedia,"1,250",
クイーンステークス,Queen Stakes,GIII,"1,800 m",turf,right (CW),Sapporo,no,yes,yes,July,2nd,Wikipedia,"1,000",
ダリア賞,Dariashou (Dahlia Award),Open,"1,400 m",turf,left (ACW),Niigata,yes,no,no,August,1st,Wikipedia (JP),350,
フェニックス賞,Fenikkusushou (Phoenix Award),Open,"1,200 m",turf,right (CW),Kokura (Kitakyushu),yes,no,no,August,1st,Wikipedia,350,
コスモス賞,Kosumosushou (Cosmos Award),Open,"1,800 m",turf,right (CW),Sapporo,yes,no,no,August,1st,Wikipedia (JP),350,
阿蘇ステークス,Aso Stakes,Open,"1,700 m",dirt,right (CW),Kokura (Kitakyushu),no,yes,yes,August,1st,Wikipedia (JP),350,
関越ステークス,Kanetsu Stakes,Open,"1,800 m",turf,left (ACW),Niigata,no,yes,yes,August,1st,,350,
札幌日経オープン,Sapporo Nikkei Open,Open,"2,600 m",turf,right (CW),Sapporo,no,yes,yes,August,1st,,350,
UHB賞,UHB Award,Open,"1,200 m",turf,right (CW),Sapporo,no,yes,yes,August,1st,,350,
エルムステークス,Elm Stakes,GIII,"1,700 m",dirt,right (CW),Sapporo,no,yes,yes,August,1st,Wikipedia,"1,000",
小倉記念,Kokura Kinen (Kokura Memorial),GIII,"2,000 m",turf,right (CW),Kokura (Kitakyushu),no,yes,yes,August,1st,Wikipedia,"1,500",
関屋記念,Sekiya Kinen (Sekiya Memorial),GIII,"1,600 m",turf,left (ACW),Niigata,no,yes,yes,August,1st,Wikipedia,"1,250",
レパードステークス,Leopard Stakes,GIII,"1,800 m",dirt,left (ACW),Niigata,no,yes,no,August,1st,Wikipedia,"1,250",
クコーバー賞,Kurobashou (Clover Award),Open,"1,500 m",turf,right (CW),Sapporo,yes,no,no,August,2nd,Wikipedia (JP),350,
新潟ジュニアステークス,Niigata Junior Stakes,GIII,"1,600 m",turf,left (ACW),Niigata,yes,no,no,August,2nd,Wikipedia,350,
BSN賞,BST Award,Open,"1,800 m",dirt,left (ACW),Niigata,no,yes,yes,August,2nd,,350,
小倉日経オープン,Kokura Nikkei Open,Open,"1,800 m",turf,right (CW),Kokura (Kitakyushu),no,yes,yes,August,2nd,,350,
NST賞,NST Award,Open,"1,200 m",dirt,left (ACW),Niigata,no,yes,yes,August,2nd,,350,
朱鷺ステークス,Toki Stakes (Ibis Stakes),Open,"1,400 m",turf,left (ACW),Niigata,no,yes,yes,August,2nd,,350,
キーンランドカップ,Keeneland Cup,GIII,"1,200 m",turf,right (CW),Sapporo,no,yes,yes,August,2nd,Wikipedia,"1,500",
北九州記念,Kitakyushu Kinen (Kitakyushu Memorial),GIII,"1,200 m",turf,right (CW),Kokura (Kitakyushu),no,yes,yes,August,2nd,Wikipedia,"1,250",
札幌記念,Sapporo Kinen (Sapporo Memorial),GII,"2,000 m",turf,right (CW),Sapporo,no,yes,yes,August,2nd,Wikipedia,"2,000",
アスター賞,Asutashou (Aster Award),Pre-Open,"1,600 m",turf,right (CW),Nakayama (Chiba),yes,no,no,September,1st,,350,
野路菊ステークス,Nojigiku Stakes (Chrysanthemum Field Stakes),Open,"1,800 m",turf,right (CW),Hanshin (Takarazuka),yes,no,no,September,1st,Wikipedia (JP),350,
すずらん賞,Suzuranshou (Valley Lily Award),Open,"1,200 m",turf,right (CW),Sapporo,yes,no,no,September,1st,Wikipedia (JP),350,
小倉ジュニアステークス,Kokura Junior Stakes,GIII,"1,200 m",turf,right (CW),Kokura (Kitakyushu),yes,no,no,September,1st,Wikipedia,350,
札幌ジュニアステークス,Sapporo Junior Stakes,GIII,"1,800 m",turf,right (CW),Sapporo,yes,no,no,September,1st,Wikipedia (JP),350,
エニフステークス,Epsilon Pegasi Stakes,Open,"1,400 m",dirt,right (CW),Hanshin (Takarazuka),no,yes,yes,September,1st,,350,
ラジオ日本賞,Radio Japan Award,Open,"1,800 m",dirt,right (CW),Chukyou (Nagoya),no,yes,yes,September,1st,,350,
丹頂ステークス,Tanchou Stakes (Crane Stakes),Open,"2,600 m",turf,right (CW),Sapporo,no,yes,yes,September,1st,,350,
京成杯オータムハンデキャップ,Keisei Hai Autumn Handicap,GIII,"1,600 m",turf,right (CW),Nakayama (Chiba),no,yes,yes,September,1st,Wikipedia,"1,250",
新潟記念,Niigata Kinen (Niigata Memorial),GIII,"2,000 m",turf,left (ACW),Niigata,no,yes,yes,September,1st,Wikipedia,"1,500",
セントウルステークス,Centaur Stakes,GII,"1,200 m",turf,right (CW),Hanshin (Takarazuka),no,yes,yes,September,1st,Wikipedia,"1,900",
紫苑ステークス,Shion Stakes,GIII,"2,000 m",turf,right (CW),Nakayama (Chiba),no,yes,no,September,1st,Wikipedia,"1,000",
ローズステークス,Rose Stakes,GII,"1,800 m",turf,right (CW),Hanshin (Takarazuka),no,yes,no,September,1st,Wikipedia,"1,750",
サフラン賞,Safuranshou (Saffron Award),Pre-Open,"1,600 m",turf,right (CW),Nakayama (Chiba),yes,no,no,September,2nd,,350,
芙蓉ステークス,Fuyou Stakes (Hibiscus Stakes),Open,"2,000 m",turf,right (CW),Nakayama (Chiba),yes,no,no,September,2nd,Wikipedia (JP),350,
カンナステークス,Kanna Stakes,Open,"1,200 m",turf,right (CW),Nakayama (Chiba),yes,no,no,September,2nd,Wikipedia (JP),350,
キキョウステークス,Kikyou Stakes,Open,"1,400 m",turf,right (CW),Hanshin (Takarazuka),yes,no,no,September,2nd,Wikipedia (JP),350,
ながつきステークス,Nagatsuki Stakes,Open,"1,200 m",dirt,right (CW),Nakayama (Chiba),no,yes,yes,September,2nd,,350,
ポートアイランドステークス,Port Island Stakes,Open,"1,600 m",turf,right (CW),Hanshin (Takarazuka),no,yes,yes,September,2nd,Wikipedia (JP),350,
シリウスステークス,Sirius Stakes,GIII,"2,000 m",dirt,right (CW),Hanshin (Takarazuka),no,yes,yes,September,2nd,Wikipedia,"1,000",
オールカマー,All Corners,GII,"2,200 m",turf,right (CW),Nakayama (Chiba),no,yes,yes,September,2nd,Wikipedia,"2,000",
スプリンターズS,Sprinters Stakes,GI,"1,200 m",turf,right (CW),Nakayama (Chiba),no,yes,yes,September,2nd,Wikipedia,"15,000",
神戸新聞杯,Kobe Shinbun Hai,GII,"2,400 m",turf,right (CW),Hanshin (Takarazuka),no,yes,no,September,2nd,Wikipedia,"1,750",
セントライト記念,Saint Lite Kinen (Saint Lite Memorial),GII,"2,200 m",turf,right (CW),Nakayama (Chiba),no,yes,no,September,2nd,Wikipedia,"1,750",
紫菊賞,Murasakigikushou (Purple Chrysantemum Award),Pre-Open,"2,000 m",turf,right (CW),Kyoto,yes,no,no,October,1st,,350,
プラタナス賞,Puratanasushou (Platanus Award),Pre-Open,"1,600 m",dirt,left (ACW),Tokyo,yes,no,no,October,1st,,350,
りんどう賞,Rindoushou (Gentian Award),Pre-Open,"1,400 m",turf,right (CW),Kyoto,yes,no,no,October,1st,,350,
もみじステークス,Momiji Stakes,Open,"1,400 m",turf,right (CW),Kyoto,yes,no,no,October,1st,Wikipedia (JP),350,
サウジアラビアロイヤルカップ,Saudi Arabian Royal Cup,GIII,"1,600 m",turf,left (ACW),Tokyo,yes,no,no,October,1st,Wikipedia,350,
グリーンチャンネルカップ,Green Channel Cup,Open,"1,400 m",dirt,left (ACW),Tokyo,no,yes,yes,October,1st,,350,
オクトーバーステークス,October Stakes,Open,"2,000 m",turf,left (ACW),Tokyo,no,yes,yes,October,1st,,350,
オパールステークス,Opal Stakes,Open,"1,200 m",turf,right (CW),Kyoto,no,yes,yes,October,1st,,350,
信越ステークス,Shinetsu Stakes,Open,"1,400 m",turf,left (ACW),Niigata,no,yes,yes,October,1st,,350,
太秦ステークス,Uzumasa Stakes,Open,"1,800 m",dirt,right (CW),Kyoto,no,yes,yes,October,1st,,350,
府中ウマ娘ステークス,Fuchu Horse Girl Stakes,GII,"1,800 m",turf,left (ACW),Tokyo,no,yes,yes,October,1st,Wikipedia,"1,800",
京都大賞典,Kyoto Daishouten (Kyoto Grand Prix),GII,"2,400 m",turf,right (CW),Kyoto,no,yes,yes,October,1st,Wikipedia,"2,000",
毎日王冠,Mainichi Okan (Mainichi Diadem),GII,"1,800 m",turf,left (ACW),Tokyo,no,yes,yes,October,1st,Wikipedia,"2,000",
なでしこ賞,Nadeshikoshou (Dianthus Award),Pre-Open,"1,400 m",dirt,right (CW),Kyoto,yes,no,,October,2nd,,350,
萩賞,Hagishou (Bush Clover Award),Open,"1,800 m",turf,right (CW),Kyoto,yes,no,,October,2nd,Wikipedia (JP),350,
アイビーステークス,Ivy Stakes,Open,"1,800 m",turf,left (ACW),Tokyo,yes,no,,October,2nd,Wikipedia (JP),350,
アルテミスステークス,Artemis Stakes,GIII,"1,600 m",turf,left (ACW),Tokyo,yes,no,,October,2nd,Wikipedia,350,
ブラジルカップ,Brazil Cup,Open,"2,100 m",dirt,left (ACW),Tokyo,no,yes,,October,2nd,,350,
カシオペアステークス,Cassiopeia Stakes,Open,"1,800 m",turf,right (CW),Kyoto,no,yes,,October,2nd,,350,
ルミエールオータムダッシュ,Lumiere Autumn Dash,Open,"1,000 m",turf,straight,Niigata,no,yes,,October,2nd,,350,
室町ステークス,Muromachi Stakes,Open,"1,200 m",dirt,right (CW),Kyoto,no,yes,,October,2nd,,350,
富士ステークス,Fuji Stakes,GII,"1,600 m",turf,left (ACW),Tokyo,no,yes,yes,October,2nd,Wikipedia,"1,900",
スワンステークス,Swan Stakes,GII,"1,400 m",turf,right (CW),Kyoto,no,yes,yes,October,2nd,Wikipedia,"1,900",
天皇賞（秋）,Autumn Tennoushou (Emperor's Prize),GI,"2,000 m",turf,left (ACW),Tokyo,no,yes,yes,October,2nd,Wikipedia,"20,000",
菊花賞,Kikkashou (Chrysanthemum Award),GI,"3,000 m",turf,right (CW),Kyoto,no,yes,no,October,2nd,Wikipedia,"7,500",
秋華賞,Shuukashou,GI,"2,000 m",turf,right (CW),Kyoto,no,yes,no,October,2nd,Wikipedia,"7,500",
百日草特別,Hyakunichisou Tokubetsu (Zinnia Special),Pre-Open,"2,000 m",turf,left (ACW),Tokyo,yes,no,,November,1st,,350,
黄菊賞,Kikikushou (Yellow Chrysanthemum Award),Pre-Open,"2,000 m",turf,right (CW),Kyoto,yes,no,,November,1st,,350,
きんもくせい特別,Kinmokusei Tokubetsu (Osmanthus Special),Pre-Open,"1,800 m",turf,right (CW),Fukushima,yes,no,,November,1st,,350,
オキザリス賞,Okizarisushou (Oxalis Award),Pre-Open,"1,400 m",dirt,left (ACW),Tokyo,yes,no,,November,1st,,350,
福島ジュニアステークス,Fukushima Junior Stakes,Open,"1,200 m",turf,right (CW),Fukushima,yes,no,,November,1st,Wikipedia (JP),350,
ファンタジーステークス,Fantasy Stakes,GIII,"1,400 m",turf,right (CW),Kyoto,yes,no,,November,1st,Wikipedia,350,
デイリー杯ジュニアステークス,Daily Hai Junior Stakes,GII,"1,600 m",turf,right (CW),Kyoto,yes,no,,November,1st,Wikipedia,375,
京王杯ジュニアステークス,Keio Hai Junior Stakes,GII,"1,400 m",turf,left (ACW),Tokyo,yes,no,,November,1st,Wikipedia,375,
オーロカップ,Orion? Cup,Open,"1,400 m",turf,left (ACW),Tokyo,no,yes,,November,1st,,350,
福島記念,Fukushima Kinen (Fukushima Memorial),GIII,"2,000 m",turf,right (CW),Fukushima,no,yes,,November,1st,Wikipedia,"1,500",
みやこステークス,Miyako Stakes (Capital Stakes),GIII,"1,800 m",dirt,right (CW),Kyoto,no,yes,yes,November,1st,Wikipedia,750,
武蔵野ステークス,Musashino Stakes,GIII,"1,600 m",dirt,left (ACW),Tokyo,no,yes,yes,November,1st,Wikipedia,"1,250",
アルゼンチン共和国杯,Copa Republica Argentina,GII,"2,500 m",turf,left (ACW),Tokyo,no,yes,,November,1st,Wikipedia,"1,900",
JBCクラシック,JBC Classic,GI,"2,000 m",dirt,right (CW),Ooi (Tokyo),no,yes,,November,1st,Wikipedia,"12,000",
JBCレディスクラシック,JBC Ladies Classic,GI,"1,800 m",dirt,right (CW),Ooi (Tokyo),no,yes,,November,1st,Wikipedia,"12,000",
JBCスプリント,JBC Sprint,GI,"1,200 m",dirt,right (CW),Ooi (Tokyo),no,yes,,November,1st,Wikipedia,"12,000",
エリザベス女王杯,Queen Elizabeth Hai,GI,"2,200 m",turf,right (CW),Kyoto,no,yes,,November,1st,Wikipedia,"10,000",
赤松賞,Akamatsushou (Red Pine Award),Pre-Open,"1,600 m",turf,left (ACW),Tokyo,yes,no,,November,2nd,,350,
ベゴニア賞,Begoniyashou (Begonia Award),Pre-Open,"1,600 m",turf,left (ACW),Tokyo,yes,no,,November,2nd,,350,
葉牡丹賞,Habotanshou (Kale Award),Pre-Open,"2,000 m",turf,right (CW),Nakayama (Chiba),yes,no,,November,2nd,,350,
カトレア賞,Katoreashou (Cattleya Award),Pre-Open,"1,600 m",dirt,left (ACW),Tokyo,yes,no,,November,2nd,Wikipedia (JP),350,
こうやまき賞,Kouyamakishou (Pine Award),Pre-Open,"1,600 m",turf,left (ACW),Chukyou (Nagoya),yes,no,,November,2nd,,350,
もちのき賞,Mochinokishou (Holly Award),Pre-Open,"1,800 m",dirt,right (CW),Kyoto,yes,no,,November,2nd,,350,
白菊賞,Shirokikushou (White Chrysanthemum Award),Pre-Open,"1,600 m",turf,right (CW),Kyoto,yes,no,,November,2nd,,350,
秋明菊賞,Shuumeigikushou (Anemone Award),Pre-Open,"1,400 m",turf,right (CW),Kyoto,yes,no,,November,2nd,,350,
京都ジュニアステークス,Kyoto Junior Stakes,GIII,"2,000 m",turf,right (CW),Kyoto,yes,no,,November,2nd,Wikipedia,350,
東京スポーツ杯ジュニアステークス,Tokyo Sports Hai Junior Stakes,GIII,"1,800 m",turf,left (ACW),Tokyo,yes,no,,November,2nd,Wikipedia,350,
アンドロメダステークス,Andromeda Stakes,Open,"2,000 m",turf,right (CW),Kyoto,no,yes,,November,2nd,,350,
オータムリーフステークス,Autumn Leaf Stakes,Open,"1,200 m",dirt,right (CW),Kyoto,no,yes,,November,2nd,,350,
キャピタルステークス,Capital Stakes,Open,"1,600 m",turf,left (ACW),Tokyo,no,yes,,November,2nd,Wikipedia,350,
福島民友カップ,Fukushima Minyu Cup,Open,"1,700 m",dirt,right (CW),Fukushima,no,yes,,November,2nd,,350,
霜月ステークス,Tsumotsuki Stakes,Open,"1,400 m",dirt,left (ACW),Tokyo,no,yes,,November,2nd,,350,
京阪杯,Keihan Hai,GIII,"1,200 m",turf,right (CW),Kyoto,no,yes,,November,2nd,Wikipedia,"1,250",
ジャパンC,Japan Cup,GI,"2,400 m",turf,left (ACW),Tokyo,no,yes,,November,2nd,,"25,000",
マイルCS,Mile Championship,GI,"1,600 m",turf,right (CW),Kyoto,no,yes,,November,2nd,,"15,000",
エリカ賞,Erikashou (Heath Award),Pre-Open,"2,000 m",turf,right (CW),Hanshin (Takarazuka),yes,no,,December,1st,,350,
ひいらぎ賞,Hiiragishou (Holly Olive Award),Pre-Open,"1,600 m",turf,right (CW),Nakayama (Chiba),yes,no,,December,1st,,350,
寒椿賞,Kantsubakishou (Camellia Award),Pre-Open,"1,400 m",dirt,left (ACW),Chukyou (Nagoya),yes,no,,December,1st,,350,
黒松賞,Kuromatsushou (Black Pine Award),Pre-Open,"1,200 m",turf,right (CW),Nakayama (Chiba),yes,no,,December,1st,,350,
万両賞,Manryoushou (Coralberry Award),Pre-Open,"1,400 m",turf,right (CW),Hanshin (Takarazuka),yes,no,,December,1st,,350,
さざんか賞,Sazankashou (Christmas Camellia Award),Pre-Open,"1,200 m",turf,right (CW),Fukushima,yes,no,,December,1st,,350,
つわぶき賞,Tsuwabukishou (Silverleaf Award),Pre-Open,"1,400 m",turf,left (ACW),Chukyou (Nagoya),yes,no,,December,1st,,350,
朝日杯FS,Asahi Hai Futurity Stakes,GI,"1,600 m",turf,right (CW),Hanshin (Takarazuka),yes,no,,December,1st,Wikipedia,"1,000",
阪神JF,Hanshin Juvenile Fillies,GI,"1,600 m",turf,right (CW),Hanshin (Takarazuka),yes,no,,December,1st,Wikipedia,"1,000",
ディセンバーステークス,December Stakes,Open,"1,800 m",turf,right (CW),Nakayama (Chiba),no,yes,,December,1st,,350,
ラピスラズリステークス,Lapis Lazuli Stakes,Open,"1,200 m",turf,right (CW),Nakayama (Chiba),no,yes,,December,1st,,350,
リゲルステークス,Rigel Stakes,Open,"1,600 m",turf,right (CW),Hanshin (Takarazuka),no,yes,,December,1st,,350,
師走ステークス,Shiwasu Stakes,Open,"1,800 m",dirt,right (CW),Nakayama (Chiba),no,yes,,December,1st,,350,
タンザナイトステークス,Tanzanite Stakes,Open,"1,200 m",turf,right (CW),Hanshin (Takarazuka),no,yes,,December,1st,,350,
カペラステークス,Capella Stakes,GIII,"1,200 m",dirt,right (CW),Nakayama (Chiba),no,yes,,December,1st,Wikipedia,"1,000",
チャレンジカップ,Challenge Cup,GIII,"2,000 m",turf,right (CW),Hanshin (Takarazuka),no,yes,,December,1st,Wikipedia,"1,500",
中日新聞杯,Chunichi Shinbun Hai,GIII,"2,000 m",turf,left (ACW),Chukyou (Nagoya),no,yes,,December,1st,Wikipedia,"1,500",
ターコイズステークス,Turquoise Stakes,GIII,"1,600 m",turf,right (CW),Nakayama (Chiba),no,yes,,December,1st,Wikipedia,"1,000",
ステイヤーズステークス,Stayers Stakes,GII,"3,600 m",turf,right (CW),Nakayama (Chiba),no,yes,,December,1st,Wikipedia,"2,000",
チャンピオンズC,Champions Cup,GI,"1,800 m",dirt,left (ACW),Chukyou (Nagoya),no,yes,,December,1st,Wikipedia,"12,000",
千両賞,Senryoushou (Sarcandra Award),Pre-Open,"1,600 m",turf,right (CW),Hanshin (Takarazuka),yes,no,,December,2nd,,350,
クリスマスローズステークス,Christmas Rose Stakes,Open,"1,200 m",turf,right (CW),Nakayama (Chiba),yes,no,,December,2nd,Wikipedia (JP),350,
ホープフルS,Hopeful Stakes,GI,"2,000 m",turf,right (CW),Nakayama (Chiba),yes,no,,December,2nd,Wikipedia,"1,000",
ベテルギウスステークス,Betelgeuse Stakes,Open,"1,800 m",dirt,right (CW),Hanshin (Takarazuka),no,yes,,December,2nd,,350,
ギャラクシーステークス,Galaxy Stakes,Open,"1,400 m",dirt,right (CW),Hanshin (Takarazuka),no,yes,,December,2nd,,350,
阪神カップ,Hanshin Cup,GII,"1,400 m",turf,right (CW),Hanshin (Takarazuka),no,yes,,December,2nd,Wikipedia,"2,000",
有馬記念,Arima Kinen (Arima Memorial),GI,"2,500 m",turf,right (CW),Nakayama (Chiba),no,yes,,December,2nd,Wikipedia,"25,000",
東京大賞典,Tokyo Daishouten (Tokyo Grand Prix),GI,"2,000 m",dirt,right (CW),Ooi (Tokyo),no,yes,,December,2nd,Wikipedia,"12,000",